Trial,Id,ElapsedTime
0,ITI,5122078.317024
0,Go,5122083.113024
0,Joystick,5122083.203008
0,Response,5122083.203008
0,Miss,5122085.213024
1,ITI,5122085.217024
1,Joystick,5122085.827008
1,Go,5122091.792032
1,Joystick,5122091.892032
1,Response,5122091.892032
1,Miss,5122093.901024
2,ITI,5122093.904032
2,Joystick,5122095.915008
2,Go,5122117.389024
2,Joystick,5122117.426016
2,Response,5122117.426016
2,Joystick,5122117.471008
2,Hit,5122117.471008
3,ITI,5122117.471008
3,NoGo,5122123.251008
3,Response,5122123.366016
3,Joystick,5122123.441024
3,CorrectRejection,5122125.367008
4,ITI,5122125.369024
4,NoGo,5122130.945024
4,Joystick,5122131.034016
5,ITI,5122137.046016
5,NoGo,5122145.106016
5,Joystick,5122145.182016
6,ITI,5122151.200032
6,Go,5122156.912032
6,Joystick,5122156.947008
6,Response,5122156.947008
6,Joystick,5122156.988032
6,Hit,5122156.988032
7,ITI,5122156.988032
7,Go,5122173.946016
7,Joystick,5122174.034016
7,Response,5122174.034016
7,Miss,5122176.040032
8,ITI,5122176.044032
8,Joystick,5122184.123008
8,Go,5122186.365024
8,Joystick,5122186.449024
8,Response,5122186.449024
8,Miss,5122188.461024
9,ITI,5122188.463008
9,NoGo,5122200.365024
9,Joystick,5122200.449024
10,ITI,5122206.458016
10,Go,5122211.084032
10,Joystick,5122211.179008
10,Response,5122211.179008
10,Miss,5122213.183008
11,ITI,5122213.186016
11,NoGo,5122227.226016
11,Response,5122227.345024
11,Joystick,5122227.364032
11,CorrectRejection,5122229.345024
12,ITI,5122229.348032
12,Go,5122233.845024
12,Joystick,5122233.927008
12,Response,5122233.927008
12,Miss,5122235.938016
13,ITI,5122235.941024
13,Go,5122246.767008
13,Joystick,5122246.840032
13,Response,5122246.840032
13,Miss,5122248.848032
14,ITI,5122248.851008
14,Go,5122254.048032
14,Joystick,5122254.124032
14,Response,5122254.124032
14,Miss,5122256.124032
15,ITI,5122256.128032
15,Joystick,5122279.740032
15,Joystick,5122279.974016
15,Joystick,5122280.623008
15,Joystick,5122281.897024
15,Joystick,5122283.793024
15,Joystick,5122284.381024
15,Joystick,5122284.913024
15,Joystick,5122285.187008
15,Joystick,5122285.315008
15,Go,5122287.500032
15,Response,5122287.608032
15,Miss,5122289.609024
16,ITI,5122289.612032
16,NoGo,5122295.202016
16,Response,5122295.326016
16,Timeout,5122295.360032
16,Joystick,5122295.370016
16,Joystick,5122298.045024
16,Joystick,5122298.646016
16,Joystick,5122299.007008
16,Joystick,5122300.473024
16,Joystick,5122300.863008
16,FalseAlarm,5122301.375008
17,ITI,5122301.378016
17,NoGo,5122307.241024
17,Response,5122307.357024
17,Joystick,5122307.378016
17,CorrectRejection,5122309.358016
18,ITI,5122309.361024
18,Go,5122314.578016
18,Joystick,5122314.659008
18,Response,5122314.659008
18,Miss,5122316.670016
19,ITI,5122316.672032
19,Joystick,5122339.751008
19,NoGo,5122351.890016
19,Joystick,5122351.981024
19,Joystick,5122352.996032
20,ITI,5122357.984032
20,NoGo,5122362.457024
20,Joystick,5122362.550016
21,ITI,5122368.559008
21,Go,5122373.540032
21,Joystick,5122373.624032
21,Response,5122373.624032
21,Miss,5122375.636032
22,ITI,5122375.638016
22,NoGo,5122386.760032
22,Response,5122386.883008
22,Joystick,5122386.910016
22,CorrectRejection,5122388.884032
23,ITI,5122388.886016
23,Go,5122396.774016
23,Joystick,5122396.861024
23,Response,5122396.861024
23,Miss,5122398.873024
24,ITI,5122398.876032
24,NoGo,5122414.338016
24,Response,5122414.460032
24,Joystick,5122414.494016
24,CorrectRejection,5122416.462016
25,ITI,5122416.464032
25,Go,5122428.508032
25,Joystick,5122428.536032
25,Response,5122428.536032
25,Joystick,5122428.595008
25,Hit,5122428.595008
26,ITI,5122428.595008
26,Joystick,5122433.669024
26,Joystick,5122433.983008
26,Joystick,5122434.381024
26,Joystick,5122434.494016
26,Joystick,5122436.364032
26,Joystick,5122436.483008
26,Joystick,5122436.586016
26,Joystick,5122436.869024
26,Joystick,5122437.111008
26,Joystick,5122438.179008
26,Joystick,5122442.050016
26,Joystick,5122442.185024
26,Joystick,5122442.295008
26,Joystick,5122442.430016
26,Joystick,5122443.034016
26,Joystick,5122447.911008
26,Joystick,5122449.951008
26,Joystick,5122450.226016
26,Joystick,5122450.358016
26,Joystick,5122451.428032
26,Joystick,5122451.557024
26,Joystick,5122451.885024
26,Joystick,5122452.042016
26,Joystick,5122452.176032
26,Joystick,5122452.331008
26,Joystick,5122452.440032
26,Joystick,5122452.589024
26,Joystick,5122452.760032
26,Joystick,5122453.238016
26,Joystick,5122453.829024
26,Joystick,5122453.878016
26,Joystick,5122453.920032
26,Joystick,5122454.140032
26,Joystick,5122454.211008
26,Joystick,5122454.466016
26,Joystick,5122455.804032
26,Joystick,5122461.061024
26,Joystick,5122466.389024
26,Joystick,5122468.483008
26,Joystick,5122469.849024
26,Joystick,5122478.309024
26,Joystick,5122478.987008
26,Joystick,5122479.331008
26,Joystick,5122480.143008
26,Joystick,5122487.301024
26,Joystick,5122491.573024
26,Go,5122493.924032
26,Joystick,5122493.953024
26,Response,5122493.953024
26,Joystick,5122494.013024
26,Hit,5122494.013024
27,ITI,5122494.013024
27,Joystick,5122501.176032
27,Joystick,5122501.302016
27,Joystick,5122501.660032
27,Joystick,5122501.926016
27,Joystick,5122502.091008
27,Joystick,5122502.990016
27,Joystick,5122505.866016
27,Joystick,5122506.161024
27,Joystick,5122506.260032
27,Joystick,5122507.156032
27,Joystick,5122511.053024
27,Joystick,5122511.491008
27,Joystick,5122511.773024
27,Joystick,5122511.872032
27,Joystick,5122514.745024
27,Joystick,5122515.357024
27,Joystick,5122515.516032
27,Joystick,5122515.729024
27,Joystick,5122516.614016
27,Go,5122519.472032
27,Joystick,5122519.550016
27,Response,5122519.550016
27,Joystick,5122520.448032
27,Hit,5122520.448032
28,ITI,5122520.448032
28,Joystick,5122525.322016
28,Joystick,5122526.021024
28,Joystick,5122526.369024
28,Joystick,5122527.346016
28,Joystick,5122527.368032
28,Joystick,5122527.488032
28,Go,5122534.141024
28,Joystick,5122534.223008
28,Response,5122534.223008
28,Miss,5122536.228032
29,ITI,5122536.231008
29,Joystick,5122552.663008
29,Joystick,5122553.400032
29,Go,5122556.534016
29,Joystick,5122556.614016
29,Response,5122556.614016
29,Miss,5122558.624032
30,ITI,5122558.627008
30,Joystick,5122560.108032
30,Joystick,5122566.829024
30,Go,5122602.583008
30,Joystick,5122602.693024
30,Response,5122602.693024
30,Miss,5122604.700032
31,ITI,5122604.702016
31,NoGo,5122609.824032
31,Response,5122609.949024
31,Timeout,5122609.953024
31,Joystick,5122609.956032
31,FalseAlarm,5122615.969024
32,ITI,5122615.973024
32,Go,5122620.803008
32,Response,5122620.916032
32,Joystick,5122620.927008
32,Hit,5122620.927008
33,ITI,5122620.927008
33,Joystick,5122621.474016
33,Joystick,5122621.564032
33,Joystick,5122622.790016
33,Joystick,5122623.477024
33,Joystick,5122624.305024
33,Go,5122626.482016
33,Response,5122626.589024
33,Joystick,5122626.592032
33,Hit,5122626.592032
34,ITI,5122626.592032
34,Joystick,5122643.378016
34,Go,5122674.602016
34,Joystick,5122674.713024
34,Response,5122674.713024
34,Joystick,5122675.112032
34,Hit,5122675.112032
35,ITI,5122675.112032
35,Joystick,5122675.220032
35,Go,5122680.507008
35,Response,5122680.634016
35,Joystick,5122680.640032
35,Hit,5122680.640032
36,ITI,5122680.640032
36,Joystick,5122683.732032
36,Joystick,5122684.056032
36,Joystick,5122684.161024
36,Joystick,5122684.289024
36,Joystick,5122684.465024
36,Joystick,5122684.547008
36,Joystick,5122692.781024
36,Joystick,5122692.895008
36,Joystick,5122695.964032
36,Joystick,5122696.064032
36,Joystick,5122699.324032
36,Joystick,5122703.579008
36,Joystick,5122703.701024
36,Joystick,5122710.406016
36,Joystick,5122711.241024
36,Joystick,5122711.644032
36,Go,5122715.573024
36,Joystick,5122715.684032
36,Response,5122715.684032
36,Joystick,5122716.133024
36,Hit,5122716.133024
37,ITI,5122716.133024
37,Joystick,5122722.912032
37,Joystick,5122724.934016
37,Go,5122727.100032
37,Joystick,5122727.183008
37,Response,5122727.183008
37,Miss,5122729.192032
38,ITI,5122729.195008
38,Joystick,5122748.426016
38,NoGo,5122750.974016
38,Response,5122751.081024
38,Joystick,5122751.088032
38,CorrectRejection,5122753.082016
39,ITI,5122753.084032
39,Joystick,5122768.256032
39,Joystick,5122769.033024
39,Joystick,5122769.194016
39,Joystick,5122774.279008
39,Go,5122776.435008
39,Joystick,5122776.526016
39,Response,5122776.526016
39,Miss,5122778.534016
40,ITI,5122778.538016
40,Go,5122783.330016
40,Response,5122783.439008
40,Joystick,5122783.450016
40,Hit,5122783.450016
41,ITI,5122783.450016
41,Go,5122838.875008
41,Joystick,5122838.953024
41,Response,5122838.953024
41,Miss,5122840.954016
42,ITI,5122840.958016
42,Joystick,5122841.041024
42,Joystick,5122841.092032
42,Joystick,5122842.206016
42,Joystick,5122844.052032
42,NoGo,5122846.260032
42,Response,5122846.377024
42,Joystick,5122846.426016
42,CorrectRejection,5122848.389024
43,ITI,5122848.392032
43,NoGo,5122856.787008
43,Response,5122856.904032
43,Joystick,5122856.942016
43,CorrectRejection,5122858.905024
44,ITI,5122858.908032
44,Go,5122923.509024
44,Joystick,5122923.585024
44,Response,5122923.585024
44,Joystick,5122925.325024
44,Hit,5122925.325024
45,ITI,5122925.325024
45,Joystick,5122925.502016
45,Joystick,5122930.258016
45,Joystick,5122930.293024
45,Joystick,5122943.019008
45,Joystick,5122943.582016
45,Joystick,5122944.247008
45,Joystick,5122944.709024
45,Go,5122947.180032
45,Joystick,5122947.323008
45,Response,5122947.323008
45,Miss,5122949.331008
46,ITI,5122949.331008
46,Go,5123006.318016
46,Response,5123006.426016
46,Joystick,5123006.476032
46,Hit,5123006.476032
47,ITI,5123006.476032
47,Joystick,5123008.769024
47,NoGo,5123030.004032
47,Joystick,5123030.095008
47,Joystick,5123030.145024
48,ITI,5123036.100032
48,Go,5123040.201024
48,Response,5123040.316032
48,Joystick,5123040.373024
48,Hit,5123040.373024
49,ITI,5123040.373024
49,Joystick,5123041.510016
49,Joystick,5123041.661024
49,Joystick,5123041.949024
49,Joystick,5123041.976032
49,Joystick,5123042.055008
49,Joystick,5123042.185024
49,Joystick,5123042.550016
49,Joystick,5123042.856032
49,Joystick,5123042.938016
49,Joystick,5123043.262016
49,Joystick,5123043.349024
49,Joystick,5123044.042016
49,Joystick,5123044.491008
49,Joystick,5123045.048032
49,Joystick,5123045.418016
49,Joystick,5123045.501024
49,Joystick,5123045.824032
49,Joystick,5123047.893024
49,Joystick,5123059.820032
49,Joystick,5123060.410016
49,Joystick,5123060.703008
49,Joystick,5123061.207008
49,Joystick,5123061.752032
49,Joystick,5123062.120032
49,Joystick,5123062.557024
49,Joystick,5123063.036032
49,Go,5123071.755008
49,Joystick,5123071.853024
49,Response,5123071.853024
49,Miss,5123073.860032
50,ITI,5123073.864032
50,Joystick,5123074.834016
50,Joystick,5123075.659008
50,Joystick,5123077.071008
50,Go,5123104.047008
50,Response,5123104.172032
50,Joystick,5123104.363008
50,Hit,5123104.363008
51,ITI,5123104.363008
51,Joystick,5123104.563008
51,Joystick,5123109.670016
51,Joystick,5123109.792032
51,Joystick,5123109.955008
51,Joystick,5123110.682016
51,Joystick,5123111.254016
51,Joystick,5123111.383008
51,Joystick,5123112.009024
51,Joystick,5123113.275008
51,Joystick,5123113.429024
51,Joystick,5123117.906016
51,Joystick,5123118.986016
51,Joystick,5123119.123008
51,Joystick,5123119.403008
51,Joystick,5123119.566016
51,Joystick,5123122.391008
51,Joystick,5123123.486016
51,Joystick,5123124.310016
51,Joystick,5123124.558016
51,Joystick,5123124.749024
51,Joystick,5123124.874016
51,Joystick,5123125.363008
51,Joystick,5123125.444032
51,Joystick,5123125.943008
51,Joystick,5123126.281024
51,Joystick,5123130.478016
51,Joystick,5123130.815008
51,Joystick,5123130.908032
51,Joystick,5123131.054016
51,Joystick,5123134.046016
51,Joystick,5123134.330016
51,Joystick,5123136.219008
51,Joystick,5123136.759008
51,Joystick,5123137.342016
51,Joystick,5123137.716032
51,Joystick,5123137.819008
51,Joystick,5123137.874016
51,Joystick,5123138.016032
51,Joystick,5123138.376032
51,Joystick,5123158.757024
51,Joystick,5123159.341024
51,Joystick,5123159.704032
51,Joystick,5123159.986016
51,Joystick,5123160.736032
51,NoGo,5123171.090016
51,Response,5123171.198016
51,Joystick,5123171.265024
51,CorrectRejection,5123173.200032
52,ITI,5123173.203008
52,Go,5123179.354016
52,Joystick,5123179.436032
52,Response,5123179.436032
52,Joystick,5123180.921024
52,Hit,5123180.921024
53,ITI,5123180.921024
53,Joystick,5123181.073024
53,Joystick,5123191.443008
53,Joystick,5123191.737024
53,Joystick,5123191.897024
53,Joystick,5123192.428032
53,Joystick,5123192.606016
53,Joystick,5123192.727008
53,Joystick,5123193.134016
53,Joystick,5123193.441024
53,Joystick,5123194.493024
53,Joystick,5123194.820032
53,Joystick,5123195.306016
53,Joystick,5123195.481024
53,Joystick,5123196.174016
53,Joystick,5123196.359008
53,Joystick,5123197.052032
53,Joystick,5123197.579008
53,Joystick,5123197.720032
53,Joystick,5123198.576032
53,Joystick,5123198.727008
53,Joystick,5123198.946016
53,Joystick,5123200.232032
53,Joystick,5123200.357024
53,Joystick,5123200.536032
53,Joystick,5123200.710016
53,Joystick,5123200.868032
53,Joystick,5123201.352032
53,Joystick,5123201.491008
53,Joystick,5123201.948032
53,Joystick,5123202.660032
53,Joystick,5123203.195008
53,Joystick,5123203.344032
53,Joystick,5123203.768032
53,Joystick,5123212.979008
53,Go,5123215.263008
53,Joystick,5123215.359008
53,Response,5123215.359008
53,Miss,5123217.368032
54,ITI,5123217.371008
54,Joystick,5123218.830016
54,Joystick,5123231.261024
54,Joystick,5123231.419008
54,Joystick,5123231.565024
54,Joystick,5123232.769024
54,Joystick,5123232.913024
54,Joystick,5123233.331008
54,Joystick,5123234.390016
54,Joystick,5123235.235008
54,Joystick,5123235.494016
54,Joystick,5123236.695008
54,Joystick,5123239.716032
54,Joystick,5123240.909024
54,Joystick,5123243.813024
54,Joystick,5123244.595008
54,Joystick,5123270.279008
54,Joystick,5123271.852032
54,Joystick,5123272.111008
54,Joystick,5123272.185024
54,Joystick,5123273.013024
54,Go,5123276.124032
54,Response,5123276.240032
54,Joystick,5123276.276032
54,Hit,5123276.276032
55,ITI,5123276.276032
55,Go,5123283.505024
55,Response,5123283.630016
55,Joystick,5123283.665024
55,Hit,5123283.665024
56,ITI,5123283.665024
56,Joystick,5123283.750016
56,Joystick,5123286.286016
56,Joystick,5123286.601024
56,Joystick,5123286.989024
56,Joystick,5123287.088032
56,Joystick,5123287.311008
56,Joystick,5123287.402016
56,Joystick,5123288.587008
56,Joystick,5123289.638016
56,Joystick,5123289.977024
56,Joystick,5123290.088032
56,Joystick,5123291.216032
56,Joystick,5123291.540032
56,Joystick,5123291.651008
56,Joystick,5123295.547008
56,Go,5123297.623008
56,Joystick,5123297.719008
56,Response,5123297.719008
56,Joystick,5123297.749024
56,Hit,5123297.749024
57,ITI,5123297.749024
57,Joystick,5123300.866016
57,Go,5123305.223008
57,Joystick,5123305.316032
57,Response,5123305.316032
57,Miss,5123307.323008
58,ITI,5123307.326016
58,Go,5123315.988032
58,Joystick,5123316.089024
58,Response,5123316.089024
58,Joystick,5123316.110016
58,Hit,5123316.110016
59,ITI,5123316.110016
59,NoGo,5123321.007008
59,Joystick,5123321.098016
59,Joystick,5123321.139008
60,ITI,5123327.105024
60,Go,5123332.101024
60,Response,5123332.222016
60,Joystick,5123332.278016
60,Hit,5123332.278016
61,ITI,5123332.278016
61,Joystick,5123333.551008
61,Joystick,5123335.947008
61,Joystick,5123336.492032
61,Joystick,5123336.573024
61,Joystick,5123338.096032
61,Joystick,5123338.967008
61,Joystick,5123342.461024
61,Joystick,5123342.804032
61,Joystick,5123343.260032
61,Joystick,5123344.499008
61,Joystick,5123344.662016
61,Go,5123347.034016
61,Joystick,5123347.157024
61,Response,5123347.157024
61,Miss,5123349.158016
62,ITI,5123349.162016
62,NoGo,5123396.960032
62,Joystick,5123397.058016
63,ITI,5123403.070016
63,Go,5123407.679008
63,Response,5123407.796032
63,Joystick,5123407.811008
63,Hit,5123407.811008
64,ITI,5123407.811008
64,Joystick,5123411.141024
64,Joystick,5123414.105024
64,Joystick,5123414.236032
64,Joystick,5123415.462016
64,Joystick,5123415.878016
64,Joystick,5123418.610016
64,Joystick,5123419.253024
64,Joystick,5123419.568032
64,Joystick,5123419.644032
64,Joystick,5123419.803008
64,Joystick,5123419.918016
64,Joystick,5123424.365024
64,Joystick,5123425.495008
64,Joystick,5123429.188032
64,Joystick,5123429.331008
64,Joystick,5123431.533024
64,Joystick,5123431.571008
64,Joystick,5123441.289024
64,Joystick,5123441.417024
64,Joystick,5123441.533024
64,Joystick,5123442.247008
64,Joystick,5123442.990016
64,Joystick,5123443.145024
64,Joystick,5123443.583008
64,Go,5123476.338016
64,Response,5123476.464032
64,Joystick,5123476.476032
64,Hit,5123476.476032
65,ITI,5123476.476032
65,Joystick,5123479.696032
65,Joystick,5123480.560032
65,Joystick,5123482.002016
65,Joystick,5123482.191008
65,Joystick,5123482.309024
65,Joystick,5123485.635008
65,Joystick,5123485.927008
65,Go,5123502.478016
65,Response,5123502.602016
65,Joystick,5123502.604032
65,Hit,5123502.604032
66,ITI,5123502.604032
66,Go,5123507.232032
66,Joystick,5123507.324032
66,Response,5123507.324032
66,Joystick,5123507.896032
66,Hit,5123507.896032
67,ITI,5123507.896032
67,Joystick,5123514.837024
67,Joystick,5123515.384032
67,NoGo,5123518.305024
67,Response,5123518.429024
67,Joystick,5123518.455008
67,CorrectRejection,5123520.432032
68,ITI,5123520.436032
68,NoGo,5123524.821024
68,Response,5123524.945024
68,Joystick,5123524.986016
68,CorrectRejection,5123526.951008
69,ITI,5123526.954016
69,Go,5123552.757024
69,Response,5123552.881024
69,Joystick,5123552.972032
69,Hit,5123552.972032
70,ITI,5123552.972032
70,Joystick,5123553.032032
70,Joystick,5123553.540032
70,Joystick,5123554.917024
70,Joystick,5123555.911008
70,Joystick,5123556.789024
70,Joystick,5123556.860032
70,Joystick,5123557.225024
70,Joystick,5123568.170016
70,Joystick,5123568.443008
70,Joystick,5123574.864032
70,NoGo,5123577.193024
70,Joystick,5123577.297024
70,Joystick,5123577.324032
71,ITI,5123583.312032
71,Go,5123589.144032
71,Response,5123589.255008
71,Joystick,5123589.275008
71,Hit,5123589.275008
72,ITI,5123589.275008
72,Joystick,5123594.404032
72,Joystick,5123594.957024
72,Joystick,5123595.067008
72,Joystick,5123595.297024
72,Joystick,5123595.415008
72,Joystick,5123595.859008
72,Joystick,5123598.868032
72,Joystick,5123599.215008
72,Joystick,5123599.515008
72,Joystick,5123599.877024
72,Joystick,5123599.998016
72,Joystick,5123600.161024
72,Joystick,5123600.503008
72,Joystick,5123600.730016
72,Joystick,5123600.843008
72,Joystick,5123601.030016
72,Joystick,5123601.554016
72,Joystick,5123601.697024
72,Joystick,5123602.028032
72,Joystick,5123602.830016
72,Joystick,5123603.745024
72,Joystick,5123604.263008
72,Joystick,5123604.470016
72,Joystick,5123604.696032
72,Joystick,5123604.736032
72,Joystick,5123604.910016
72,Go,5123622.580032
72,Response,5123622.704032
72,Joystick,5123622.725024
72,Hit,5123622.725024
73,ITI,5123622.725024
73,Go,5123651.745024
73,Response,5123651.876032
73,Joystick,5123651.879008
73,Hit,5123651.879008
74,ITI,5123651.879008
74,Joystick,5123655.785024
74,Joystick,5123656.768032
74,Go,5123663.331008
74,Response,5123663.453024
74,Joystick,5123663.456032
74,Hit,5123663.456032
75,ITI,5123663.456032
75,Go,5123675.941024
75,Joystick,5123676.051008
75,Response,5123676.051008
75,Miss,5123678.062016
76,ITI,5123678.065024
76,Joystick,5123682.339008
76,Go,5123715.578016
76,Response,5123715.700032
76,Joystick,5123715.741024
76,Hit,5123715.741024
77,ITI,5123715.741024
77,Joystick,5123718.417024
77,Go,5123724.277024
77,Response,5123724.388032
77,Joystick,5123724.422016
77,Hit,5123724.422016
78,ITI,5123724.422016
78,Joystick,5123728.873024
78,Joystick,5123729.377024
78,NoGo,5123738.171008
78,Response,5123738.292032
78,Joystick,5123738.338016
78,CorrectRejection,5123740.299008
79,ITI,5123740.301024
79,Go,5123745.823008
79,Joystick,5123745.913024
79,Response,5123745.913024
79,Miss,5123747.916032
80,ITI,5123747.919008
80,NoGo,5123756.058016
80,Response,5123756.166016
80,Joystick,5123756.201024
80,CorrectRejection,5123758.167008
81,ITI,5123758.170016
81,Go,5123762.822016
81,Response,5123762.948032
81,Joystick,5123762.962016
81,Hit,5123762.962016
82,ITI,5123762.962016
82,Joystick,5123764.131008
82,Joystick,5123765.356032
82,Joystick,5123766.032032
82,Go,5123769.017024
82,Response,5123769.135008
82,Joystick,5123769.186016
82,Hit,5123769.186016
83,ITI,5123769.186016
83,Joystick,5123769.307008
83,Joystick,5123770.486016
83,Joystick,5123771.055008
83,Joystick,5123772.736032
83,Joystick,5123776.293024
83,Go,5123785.246016
83,Response,5123785.368032
83,Joystick,5123785.391008
83,Hit,5123785.391008
84,ITI,5123785.391008
84,Joystick,5123786.259008
84,Joystick,5123787.433024
84,NoGo,5123792.513024
84,Joystick,5123792.601024
85,ITI,5123798.605024
85,Joystick,5123799.406016
85,NoGo,5123802.899008
85,Response,5123803.023008
85,CorrectRejection,5123805.024032
86,ITI,5123805.027008
86,Go,5123809.936032
86,Response,5123810.055008
86,Joystick,5123810.122016
86,Hit,5123810.122016
87,ITI,5123810.122016
87,Joystick,5123813.287008
87,Joystick,5123813.404032
87,Joystick,5123813.572032
87,Joystick,5123813.691008
87,Joystick,5123814.576032
87,Joystick,5123815.579008
87,Joystick,5123815.767008
87,Joystick,5123815.944032
87,Joystick,5123816.242016
87,Joystick,5123816.666016
87,Joystick,5123819.283008
87,Joystick,5123819.617024
87,Joystick,5123819.869024
87,Joystick,5123820.011008
87,Joystick,5123820.188032
87,Joystick,5123820.248032
87,Joystick,5123820.374016
87,Joystick,5123820.819008
87,Joystick,5123823.255008
87,Go,5123825.774016
87,Response,5123825.882016
87,Joystick,5123825.899008
87,Hit,5123825.899008
88,ITI,5123825.899008
88,Joystick,5123826.628032
88,NoGo,5123836.678016
88,Response,5123836.803008
88,Joystick,5123836.806016
88,CorrectRejection,5123838.803008
89,ITI,5123838.806016
89,Go,5123843.914016
89,Response,5123844.020032
89,Joystick,5123844.108032
89,Hit,5123844.108032
90,ITI,5123844.108032
90,Joystick,5123845.251008
90,Joystick,5123898.995008
90,Joystick,5123902.385024
90,Go,5123909.931008
90,Joystick,5123910.029024
90,Response,5123910.029024
90,Joystick,5123910.084032
90,Hit,5123910.084032
91,ITI,5123910.084032
91,Joystick,5123915.755008
91,Joystick,5123916.774016
91,Joystick,5123916.848032
91,Joystick,5123917.468032
91,Joystick,5123917.769024
91,Joystick,5123918.487008
91,Joystick,5123918.583008
91,Joystick,5123918.705024
91,Joystick,5123919.013024
91,Joystick,5123919.116032
91,Joystick,5123922.554016
91,Joystick,5123922.661024
91,Joystick,5123923.183008
91,Joystick,5123926.285024
91,Joystick,5123927.546016
91,Joystick,5123927.950016
91,Joystick,5123928.049024
91,Go,5123934.649024
91,Response,5123934.766016
91,Joystick,5123934.798016
91,Hit,5123934.798016
92,ITI,5123934.798016
92,Go,5123941.188032
92,Response,5123941.297024
92,Joystick,5123941.302016
92,Hit,5123941.302016
93,ITI,5123941.302016
93,Joystick,5123941.740032
93,Joystick,5123957.698016
93,Joystick,5123957.839008
93,Joystick,5123957.931008
93,Joystick,5123958.240032
93,Joystick,5123958.391008
93,Joystick,5123959.675008
93,Joystick,5123961.504032
93,NoGo,5123968.254016
93,Response,5123968.374016
93,Joystick,5123968.410016
93,CorrectRejection,5123970.375008
94,ITI,5123970.379008
94,Go,5123976.368032
94,Response,5123976.482016
94,Joystick,5123976.538016
94,Hit,5123976.538016
95,ITI,5123976.538016
95,NoGo,5123992.203008
95,Response,5123992.325024
95,Joystick,5123992.333024
95,CorrectRejection,5123994.327008
96,ITI,5123994.329024
96,Go,5124018.152032
96,Response,5124018.276032
96,Joystick,5124018.291008
96,Hit,5124018.291008
97,ITI,5124018.291008
97,Joystick,5124021.453024
97,Joystick,5124021.537024
97,Joystick,5124022.582016
97,Joystick,5124022.676032
97,Joystick,5124022.841024
97,Joystick,5124022.973024
97,Joystick,5124024.770016
97,Joystick,5124026.166016
97,Joystick,5124026.268032
97,Joystick,5124026.436032
97,Joystick,5124030.052032
97,Joystick,5124033.564032
97,Joystick,5124034.564032
97,Joystick,5124034.871008
97,Joystick,5124036.470016
97,Joystick,5124036.618016
97,Go,5124043.962016
97,Joystick,5124044.046016
97,Response,5124044.046016
97,Miss,5124046.058016
98,ITI,5124046.061024
98,Go,5124062.307008
98,Joystick,5124062.429024
98,Response,5124062.429024
98,Miss,5124064.430016
99,ITI,5124064.433024
99,Joystick,5124101.530016
99,Joystick,5124101.558016
99,Joystick,5124104.393024
99,Joystick,5124104.757024
99,Joystick,5124105.605024
99,Joystick,5124114.029024
99,Joystick,5124114.911008
99,Joystick,5124116.053024
99,Joystick,5124116.147008
99,Joystick,5124116.220032
99,Joystick,5124116.717024
99,Joystick,5124117.548032
99,Joystick,5124117.681024
99,Go,5124120.616032
99,Response,5124120.724032
99,Joystick,5124120.857024
99,Hit,5124120.857024
100,ITI,5124120.857024
100,Joystick,5124120.942016
100,Joystick,5124124.419008
100,Joystick,5124124.466016
100,Joystick,5124124.581024
100,Joystick,5124138.823008
100,Joystick,5124138.894016
100,Go,5124172.940032
100,Joystick,5124173.035008
100,Response,5124173.035008
100,Joystick,5124173.243008
100,Hit,5124173.243008
101,ITI,5124173.243008
101,Joystick,5124173.344032
101,Joystick,5124175.714016
101,Go,5124182.239008
101,Response,5124182.362016
101,Joystick,5124182.394016
101,Hit,5124182.394016
102,ITI,5124182.394016
102,Joystick,5124182.938016
102,Joystick,5124183.101024
102,Go,5124187.804032
102,Response,5124187.924032
102,Joystick,5124188.002016
102,Hit,5124188.002016
103,ITI,5124188.002016
103,Joystick,5124188.126016
103,Joystick,5124188.517024
103,Joystick,5124188.660032
103,Joystick,5124189.152032
103,Joystick,5124197.435008
103,Joystick,5124197.555008
103,Joystick,5124197.652032
103,Joystick,5124198.325024
103,Joystick,5124198.459008
103,Joystick,5124198.718016
103,Joystick,5124199.259008
103,Joystick,5124200.217024
103,Joystick,5124205.821024
103,Joystick,5124207.900032
103,Joystick,5124208.664032
103,Joystick,5124210.130016
103,Joystick,5124211.314016
103,Joystick,5124214.301024
103,Joystick,5124214.368032
103,Joystick,5124216.059008
103,Go,5124228.781024
103,Response,5124228.906016
103,Joystick,5124228.907008
103,Hit,5124228.907008
104,ITI,5124228.907008
104,Joystick,5124231.236032
104,Joystick,5124235.772032
104,Joystick,5124235.884032
104,Joystick,5124236.142016
104,Joystick,5124236.570016
104,Joystick,5124237.017024
104,Joystick,5124244.834016
104,Joystick,5124244.933024
104,Joystick,5124246.370016
104,Go,5124255.639008
104,Joystick,5124255.762016
104,Response,5124255.762016
104,Joystick,5124256.465024
104,Hit,5124256.465024
105,ITI,5124256.465024
105,Joystick,5124256.555008
105,Joystick,5124258.906016
105,Joystick,5124259.072032
105,Joystick,5124259.234016
105,Joystick,5124259.445024
105,Joystick,5124261.828032
105,Joystick,5124264.129024
105,Joystick,5124264.262016
105,Joystick,5124264.408032
105,Joystick,5124265.089024
105,Joystick,5124265.180032
105,Joystick,5124268.635008
105,Joystick,5124268.669024
105,Go,5124272.631008
105,Response,5124272.747008
105,Joystick,5124272.917024
105,Hit,5124272.917024
106,ITI,5124272.917024
106,Joystick,5124273.095008
106,Joystick,5124274.566016
106,Joystick,5124279.274016
106,Joystick,5124279.359008
106,Joystick,5124279.671008
106,Joystick,5124283.135008
106,Joystick,5124283.239008
106,Joystick,5124283.380032
106,Joystick,5124283.552032
106,Joystick,5124283.671008
106,NoGo,5124294.309024
106,Joystick,5124294.430016
107,ITI,5124300.440032
107,Go,5124305.169024
107,Response,5124305.292032
107,Joystick,5124305.322016
107,Hit,5124305.322016
108,ITI,5124305.322016
108,Joystick,5124306.935008
108,Joystick,5124308.402016
108,Joystick,5124308.619008
108,Joystick,5124308.752032
108,Go,5124311.215008
108,Response,5124311.339008
108,Joystick,5124311.363008
108,Hit,5124311.363008
109,ITI,5124311.363008
109,Joystick,5124312.357024
109,NoGo,5124316.434016
109,Response,5124316.556032
109,Timeout,5124316.754016
109,Joystick,5124316.768032
109,Joystick,5124316.914016
109,Joystick,5124322.197024
109,FalseAlarm,5124322.762016
110,ITI,5124322.764032
110,Joystick,5124322.865024
110,NoGo,5124327.627008
110,Response,5124327.743008
110,Timeout,5124328.831008
110,FalseAlarm,5124334.841024
111,ITI,5124334.844032
111,Go,5124339.347008
111,Response,5124339.461024
111,Timeout,5124340.799008
111,Joystick,5124342.484032
111,Miss,5124342.827008
112,ITI,5124342.829024
112,Go,5124348.870016
112,Response,5124348.992032
112,Joystick,5124349.080032
112,Hit,5124349.080032
113,ITI,5124349.080032
113,Joystick,5124352.310016
113,Joystick,5124353.018016
113,Go,5124358.055008
113,Response,5124358.179008
113,Joystick,5124358.265024
113,Hit,5124358.265024
114,ITI,5124358.265024
114,Joystick,5124358.470016
114,Joystick,5124359.171008
114,NoGo,5124365.633024
114,Joystick,5124365.747008
115,ITI,5124371.760032
115,NoGo,5124377.263008
115,Response,5124377.381024
115,Joystick,5124377.444032
115,CorrectRejection,5124379.384032
116,ITI,5124379.386016
116,Go,5124384.080032
116,Response,5124384.194016
116,Joystick,5124384.496032
116,Hit,5124384.496032
117,ITI,5124384.496032
117,Joystick,5124398.930016
117,Go,5124401.043008
117,Joystick,5124401.173024
117,Response,5124401.173024
117,Miss,5124403.182016
118,ITI,5124403.186016
118,Go,5124412.723008
118,Response,5124412.848032
118,Joystick,5124412.895008
118,Hit,5124412.895008
119,ITI,5124412.895008
119,Joystick,5124413.421024
119,Joystick,5124414.659008
119,Joystick,5124414.736032
119,Joystick,5124415.109024
119,Joystick,5124415.670016
119,Joystick,5124416.255008
119,Go,5124432.881024
119,Response,5124432.988032
119,Joystick,5124432.992032
119,Hit,5124432.992032
120,ITI,5124432.992032
120,Joystick,5124434.336032
120,Joystick,5124435.010016
120,Go,5124441.785024
120,Response,5124441.909024
120,Joystick,5124441.935008
120,Hit,5124441.935008
121,ITI,5124441.935008
121,Joystick,5124445.174016
121,Joystick,5124445.281024
121,Joystick,5124445.401024
121,Joystick,5124445.560032
121,Joystick,5124445.874016
121,Joystick,5124445.973024
121,Joystick,5124446.154016
121,Joystick,5124446.446016
121,Joystick,5124446.543008
121,Joystick,5124448.950016
121,Joystick,5124449.220032
121,Joystick,5124449.327008
121,Joystick,5124449.455008
121,Joystick,5124450.928032
121,Joystick,5124451.210016
121,Joystick,5124451.485024
121,Joystick,5124451.628032
121,Joystick,5124455.043008
121,Joystick,5124455.383008
121,Joystick,5124455.508032
121,Joystick,5124456.105024
121,Joystick,5124456.418016
121,Joystick,5124456.571008
121,Joystick,5124457.037024
121,Joystick,5124457.366016
121,Joystick,5124457.448032
121,Joystick,5124457.893024
121,Joystick,5124458.034016
121,Joystick,5124458.187008
121,Joystick,5124458.660032
121,Joystick,5124458.816032
121,Joystick,5124459.724032
121,Joystick,5124459.876032
121,Joystick,5124460.181024
121,Joystick,5124460.289024
121,Joystick,5124461.003008
121,Joystick,5124461.095008
121,Joystick,5124462.154016
121,Joystick,5124463.096032
121,Joystick,5124472.431008
121,Go,5124474.539008
121,Response,5124474.657024
121,Joystick,5124474.693024
121,Hit,5124474.693024
122,ITI,5124474.693024
122,Joystick,5124475.994016
122,Joystick,5124478.530016
122,Joystick,5124479.713024
122,Joystick,5124479.972032
122,Joystick,5124480.082016
122,Joystick,5124483.064032
122,Joystick,5124483.886016
122,Joystick,5124484.900032
122,Joystick,5124485.253024
122,Joystick,5124487.421024
122,Joystick,5124487.434016
122,Joystick,5124487.706016
122,Joystick,5124488.160032
122,Joystick,5124488.295008
122,Joystick,5124488.976032
122,Joystick,5124489.033024
122,Joystick,5124489.280032
122,Joystick,5124492.389024
122,Joystick,5124493.228032
122,Joystick,5124493.953024
122,Joystick,5124495.034016
122,Joystick,5124495.293024
122,Joystick,5124496.334016
122,Joystick,5124497.493024
122,Joystick,5124497.577024
122,Joystick,5124497.677024
122,Joystick,5124498.034016
122,Joystick,5124498.520032
122,Joystick,5124499.047008
122,Joystick,5124499.889024
122,Joystick,5124500.621024
122,NoGo,5124506.174016
122,Joystick,5124506.291008
123,ITI,5124512.300032
123,Go,5124517.467008
123,Joystick,5124517.563008
123,Response,5124517.563008
123,Joystick,5124517.622016
123,Hit,5124517.622016
124,ITI,5124517.622016
124,Joystick,5124517.947008
124,Joystick,5124518.254016
124,Joystick,5124518.393024
124,Joystick,5124518.496032
124,Joystick,5124518.692032
124,Joystick,5124518.802016
124,Joystick,5124519.309024
124,Joystick,5124519.404032
124,Joystick,5124519.597024
124,Joystick,5124520.361024
124,Joystick,5124520.448032
124,Joystick,5124520.519008
124,Joystick,5124521.731008
124,Joystick,5124523.575008
124,Joystick,5124525.080032
124,NoGo,5124527.562016
124,Response,5124527.686016
124,CorrectRejection,5124529.696032
125,ITI,5124529.699008
125,Go,5124535.336032
125,Response,5124535.450016
125,Joystick,5124535.550016
125,Hit,5124535.550016
126,ITI,5124535.550016
126,Joystick,5124535.639008
126,Joystick,5124536.139008
126,Go,5124540.734016
126,Response,5124540.841024
126,Joystick,5124541.226016
126,Hit,5124541.226016
127,ITI,5124541.226016
127,Go,5124547.253024
127,Response,5124547.373024
127,Joystick,5124547.394016
127,Hit,5124547.394016
128,ITI,5124547.394016
128,Go,5124552.075008
128,Joystick,5124552.157024
128,Response,5124552.157024
128,Miss,5124554.169024
129,ITI,5124554.172032
129,Joystick,5124574.542016
129,Joystick,5124576.360032
129,Joystick,5124576.646016
129,Joystick,5124579.759008
129,Go,5124582.636032
129,Response,5124582.761024
129,Joystick,5124582.975008
129,Hit,5124582.975008
130,ITI,5124582.975008
130,Joystick,5124584.818016
130,Joystick,5124584.959008
130,Joystick,5124585.085024
130,Joystick,5124585.431008
130,Joystick,5124585.518016
130,Joystick,5124586.019008
130,Joystick,5124588.333024
130,Go,5124591.855008
130,Response,5124591.978016
130,Joystick,5124592.199008
130,Hit,5124592.199008
131,ITI,5124592.199008
131,Go,5124599.433024
131,Response,5124599.556032
131,Joystick,5124599.587008
131,Hit,5124599.587008
132,ITI,5124599.587008
132,Go,5124647.510016
132,Response,5124647.631008
132,Joystick,5124648.037024
132,Hit,5124648.037024
133,ITI,5124648.037024
133,Joystick,5124648.142016
133,Joystick,5124657.653024
133,Go,5124660.109024
133,Response,5124660.225024
133,Miss,5124662.225024
134,ITI,5124662.228032
134,Joystick,5124667.106016
134,Go,5124670.162016
134,Response,5124670.287008
134,Joystick,5124670.384032
134,Hit,5124670.384032
135,ITI,5124670.384032
135,Joystick,5124670.886016
135,Go,5124675.469024
135,Response,5124675.583008
135,Joystick,5124675.604032
135,Hit,5124675.604032
136,ITI,5124675.604032
136,Go,5124680.895008
136,Response,5124681.021024
136,Joystick,5124681.137024
136,Hit,5124681.137024
137,ITI,5124681.137024
137,Joystick,5124684.771008
137,Joystick,5124685.316032
137,Joystick,5124685.909024
137,Joystick,5124686.181024
137,Joystick,5124686.291008
137,Joystick,5124686.424032
137,Joystick,5124687.431008
137,Joystick,5124688.073024
137,Joystick,5124699.002016
137,Joystick,5124699.357024
137,Joystick,5124700.026016
137,Go,5124703.645024
137,Response,5124703.769024
137,Joystick,5124703.887008
137,Hit,5124703.887008
138,ITI,5124703.887008
138,Joystick,5124704.494016
138,Joystick,5124704.622016
138,Joystick,5124704.725024
138,Joystick,5124704.809024
138,NoGo,5124711.815008
138,Response,5124711.941024
138,Joystick,5124712.008032
138,CorrectRejection,5124713.944032
139,ITI,5124713.947008
139,Go,5124720.659008
139,Response,5124720.783008
139,Joystick,5124720.852032
139,Hit,5124720.852032
140,ITI,5124720.852032
140,Joystick,5124721.524032
140,NoGo,5124725.565024
140,Response,5124725.689024
140,CorrectRejection,5124727.691008
141,ITI,5124727.693024
141,Go,5124732.940032
141,Response,5124733.064032
141,Joystick,5124733.080032
141,Hit,5124733.080032
142,ITI,5124733.080032
142,Joystick,5124736.439008
142,Go,5124740.002016
142,Joystick,5124740.094016
142,Response,5124740.094016
142,Miss,5124742.097024
143,ITI,5124742.100032
143,Go,5124747.742016
143,Joystick,5124747.835008
143,Response,5124747.835008
143,Joystick,5124747.869024
143,Hit,5124747.869024
144,ITI,5124747.869024
144,Joystick,5124750.044032
144,Joystick,5124750.860032
144,Joystick,5124751.367008
144,Joystick,5124751.800032
144,Joystick,5124754.769024
144,Joystick,5124756.913024
144,Joystick,5124757.416032
144,Joystick,5124757.751008
144,Joystick,5124758.103008
144,Go,5124762.643008
144,Response,5124762.767008
144,Joystick,5124762.816032
144,Hit,5124762.816032
145,ITI,5124762.816032
145,Joystick,5124764.709024
145,NoGo,5124771.823008
145,Joystick,5124771.920032
145,Joystick,5124774.265024
145,Joystick,5124774.477024
146,ITI,5124777.928032
146,Go,5124782.141024
146,Joystick,5124782.249024
146,Response,5124782.249024
146,Miss,5124784.249024
147,ITI,5124784.252032
147,NoGo,5124789.521024
147,Response,5124789.640032
147,CorrectRejection,5124791.642016
148,ITI,5124791.645024
148,NoGo,5124797.239008
148,Response,5124797.359008
148,CorrectRejection,5124799.373024
149,ITI,5124799.376032
149,Go,5124805.359008
149,Response,5124805.468032
149,Joystick,5124806.019008
149,Hit,5124806.019008
150,ITI,5124806.019008
150,Joystick,5124809.853024
150,Joystick,5124809.962016
150,Joystick,5124810.307008
150,Joystick,5124812.816032
150,Joystick,5124812.893024
150,Go,5124817.598016
150,Joystick,5124817.678016
150,Response,5124817.678016
150,Miss,5124819.679008
151,ITI,5124819.681024
151,Joystick,5124833.927008
151,Joystick,5124834.057024
151,Joystick,5124835.217024
151,Joystick,5124835.285024
151,Joystick,5124836.022016
151,Joystick,5124837.015008
151,Joystick,5124838.638016
151,Joystick,5124840.896032
151,Go,5124843.028032
151,Response,5124843.153024
151,Miss,5124845.158016
152,ITI,5124845.160032
152,Go,5124850.268032
152,Response,5124850.387008
152,Miss,5124852.386016
153,ITI,5124852.391008
153,NoGo,5124857.015008
153,Response,5124857.136032
153,Joystick,5124857.180032
153,CorrectRejection,5124859.138016
154,ITI,5124859.140032
154,Go,5124864.356032
154,Response,5124864.464032
154,Miss,5124866.465024
155,ITI,5124866.469024
155,Joystick,5124871.857024
155,Go,5124874.543008
155,Response,5124874.666016
155,Joystick,5124874.686016
155,Hit,5124874.686016
156,ITI,5124874.686016
156,Joystick,5124883.083008
156,Joystick,5124883.668032
156,Joystick,5124884.546016
156,Joystick,5124884.801024
156,Joystick,5124884.890016
156,Joystick,5124885.187008
156,Joystick,5124885.526016
156,Joystick,5124885.700032
156,Joystick,5124885.862016
156,Joystick,5124886.623008
156,Joystick,5124888.003008
156,Joystick,5124889.346016
156,Joystick,5124890.067008
156,Go,5124893.292032
156,Response,5124893.415008
156,Joystick,5124893.440032
156,Hit,5124893.440032
157,ITI,5124893.440032
157,Joystick,5124893.667008
157,Joystick,5124893.825024
157,Go,5124899.244032
157,Response,5124899.368032
157,Joystick,5124899.375008
157,Hit,5124899.375008
158,ITI,5124899.375008
158,Joystick,5124899.484032
158,Go,5124903.481024
158,Response,5124903.602016
158,Joystick,5124903.614016
158,Hit,5124903.614016
159,ITI,5124903.614016
159,Joystick,5124903.723008
159,Joystick,5124906.136032
159,Joystick,5124906.241024
159,Joystick,5124906.368032
159,Joystick,5124908.799008
159,Joystick,5124912.134016
159,Joystick,5124912.392032
159,Joystick,5124912.782016
159,Joystick,5124913.057024
159,Joystick,5124913.562016
159,Joystick,5124916.371008
159,Go,5124918.962016
159,Response,5124919.086016
159,Joystick,5124919.156032
159,Hit,5124919.156032
160,ITI,5124919.156032
160,Joystick,5124919.264032
160,NoGo,5124951.430016
160,Response,5124951.553024
160,Joystick,5124951.844032
160,CorrectRejection,5124953.552032
161,ITI,5124953.555008
161,Go,5124957.872032
161,Response,5124957.989024
161,Joystick,5124958.378016
161,Hit,5124958.378016
162,ITI,5124958.378016
162,NoGo,5124968.459008
162,Response,5124968.582016
162,Joystick,5124969.045024
162,Joystick,5124969.352032
162,CorrectRejection,5124970.592032
163,ITI,5124970.594016
163,Go,5124979.851008
163,Response,5124979.971008
163,Miss,5124981.972032
164,ITI,5124981.974016
164,NoGo,5124986.270016
164,Response,5124986.394016
164,Joystick,5124987.456032
164,Joystick,5124987.547008
164,Timeout,5124987.628032
164,Joystick,5124990.061024
164,FalseAlarm,5124993.628032
165,ITI,5124993.630016
165,Joystick,5124998.577024
165,Joystick,5124998.902016
165,Joystick,5124999.072032
165,Joystick,5124999.883008
165,Go,5125003.580032
165,Response,5125003.705024
165,Joystick,5125003.789024
165,Hit,5125003.789024
166,ITI,5125003.789024
166,Joystick,5125003.891008
166,Joystick,5125004.138016
166,Joystick,5125004.267008
166,Joystick,5125006.216032
166,NoGo,5125010.065024
166,Response,5125010.175008
166,CorrectRejection,5125012.175008
167,ITI,5125012.177024
167,Joystick,5125013.510016
167,Joystick,5125014.521024
167,Joystick,5125015.663008
167,NoGo,5125018.763008
167,Response,5125018.891008
167,CorrectRejection,5125020.907008
168,ITI,5125020.910016
168,Go,5125025.768032
168,Response,5125025.891008
168,Joystick,5125025.952032
168,Hit,5125025.952032
169,ITI,5125025.952032
169,Joystick,5125027.749024
169,Joystick,5125028.866016
169,Joystick,5125028.983008
169,Joystick,5125029.156032
169,Joystick,5125029.277024
169,Joystick,5125031.158016
169,Joystick,5125032.207008
169,Joystick,5125032.539008
169,Joystick,5125032.637024
169,Joystick,5125032.849024
169,Joystick,5125036.256032
169,Joystick,5125037.471008
169,Joystick,5125042.219008
169,Joystick,5125043.899008
169,Joystick,5125044.012032
169,Joystick,5125044.237024
169,Joystick,5125044.659008
169,Joystick,5125044.943008
169,Joystick,5125047.153024
169,Joystick,5125049.206016
169,Joystick,5125049.577024
169,Joystick,5125049.659008
169,Joystick,5125051.850016
169,Joystick,5125051.943008
169,Joystick,5125052.106016
169,Joystick,5125052.697024
169,Joystick,5125053.813024
169,Joystick,5125053.890016
169,Joystick,5125054.093024
169,Joystick,5125054.187008
169,Joystick,5125055.339008
169,Joystick,5125055.477024
169,Joystick,5125055.599008
169,Joystick,5125056.591008
169,Go,5125062.269024
169,Joystick,5125062.350016
169,Response,5125062.350016
169,Joystick,5125064.000032
169,Hit,5125064.000032
170,ITI,5125064.000032
170,Joystick,5125065.786016
170,Joystick,5125069.308032
170,Joystick,5125072.748032
170,Joystick,5125072.878016
170,Joystick,5125076.026016
170,Go,5125083.622016
170,Response,5125083.733024
170,Joystick,5125083.762016
170,Hit,5125083.762016
171,ITI,5125083.762016
171,Joystick,5125089.192032
171,Go,5125093.107008
171,Response,5125093.232032
171,Joystick,5125093.561024
171,Hit,5125093.561024
172,ITI,5125093.561024
172,Joystick,5125093.668032
172,Go,5125101.092032
172,Response,5125101.216032
172,Joystick,5125101.395008
172,Hit,5125101.395008
173,ITI,5125101.395008
173,Joystick,5125102.138016
173,Joystick,5125102.257024
173,Joystick,5125102.446016
173,Go,5125106.418016
173,Response,5125106.543008
173,Joystick,5125106.680032
173,Hit,5125106.680032
174,ITI,5125106.680032
174,Joystick,5125106.914016
174,Joystick,5125108.869024
174,Joystick,5125109.005024
174,Joystick,5125109.122016
174,Joystick,5125111.589024
174,Joystick,5125112.928032
174,Joystick,5125113.689024
174,NoGo,5125116.059008
174,Response,5125116.168032
174,CorrectRejection,5125118.168032
175,ITI,5125118.170016
175,Joystick,5125119.292032
175,NoGo,5125123.448032
175,Response,5125123.574016
175,CorrectRejection,5125125.582016
176,ITI,5125125.585024
176,NoGo,5125130.885024
176,Response,5125131.010016
176,CorrectRejection,5125133.022016
177,ITI,5125133.024032
177,Go,5125137.192032
177,Response,5125137.308032
177,Timeout,5125137.595008
177,Joystick,5125137.736032
177,Miss,5125139.607008
178,ITI,5125139.610016
178,Go,5125144.106016
178,Response,5125144.229024
178,Joystick,5125144.265024
178,Hit,5125144.265024
179,ITI,5125144.265024
179,Joystick,5125145.427008
179,Joystick,5125148.710016
179,Joystick,5125149.448032
179,Joystick,5125150.325024
179,Joystick,5125151.637024
179,Joystick,5125152.543008
179,Joystick,5125153.490016
179,Go,5125160.018016
179,Response,5125160.135008
179,Joystick,5125160.203008
179,Hit,5125160.203008
180,ITI,5125160.203008
180,NoGo,5125164.528032
180,Response,5125164.650016
180,CorrectRejection,5125166.658016
181,ITI,5125166.661024
181,NoGo,5125171.180032
181,Response,5125171.305024
181,CorrectRejection,5125173.306016
182,ITI,5125173.308032
182,Go,5125178.668032
182,Response,5125178.789024
182,Miss,5125180.790016
183,ITI,5125180.792032
183,NoGo,5125186.437024
183,Response,5125186.555008
183,Joystick,5125186.650016
183,CorrectRejection,5125188.555008
184,ITI,5125188.558016
184,NoGo,5125192.667008
184,Response,5125192.787008
184,CorrectRejection,5125194.799008
185,ITI,5125194.802016
185,Go,5125199.994016
185,Response,5125200.116032
185,Miss,5125202.117024
186,ITI,5125202.120032
186,Go,5125207.617024
186,Response,5125207.740032
186,Joystick,5125207.794016
186,Hit,5125207.794016
187,ITI,5125207.794016
187,Joystick,5125207.951008
187,Joystick,5125208.081024
187,Joystick,5125208.201024
187,Joystick,5125208.643008
187,Joystick,5125209.616032
187,Go,5125212.945024
187,Response,5125213.069024
187,Joystick,5125213.142016
187,Hit,5125213.142016
188,ITI,5125213.142016
188,Joystick,5125215.977024
188,Joystick,5125216.127008
188,Joystick,5125216.267008
188,Joystick,5125217.968032
188,Joystick,5125218.429024
188,Joystick,5125218.560032
188,Joystick,5125218.685024
188,Go,5125221.616032
188,Joystick,5125221.714016
188,Response,5125221.714016
188,Miss,5125223.715008
189,ITI,5125223.718016
189,Joystick,5125229.679008
189,Joystick,5125230.290016
189,Joystick,5125230.769024
189,Joystick,5125231.472032
189,Joystick,5125233.586016
189,Joystick,5125234.466016
189,Joystick,5125236.174016
189,Joystick,5125236.223008
189,Joystick,5125236.417024
189,NoGo,5125239.191008
189,Response,5125239.302016
189,CorrectRejection,5125241.303008
190,ITI,5125241.305024
190,NoGo,5125245.960032
190,Response,5125246.082016
190,CorrectRejection,5125248.084032
191,ITI,5125248.086016
191,NoGo,5125253.567008
191,Response,5125253.691008
191,CorrectRejection,5125255.706016
192,ITI,5125255.710016
192,Go,5125260.644032
192,Response,5125260.769024
192,Joystick,5125261.189024
192,Hit,5125261.189024
193,ITI,5125261.189024
193,Joystick,5125264.496032
193,Joystick,5125265.150016
193,Joystick,5125265.303008
193,Joystick,5125267.134016
193,Go,5125269.395008
193,Response,5125269.518016
193,Miss,5125271.534016
194,ITI,5125271.537024
194,Go,5125277.380032
194,Response,5125277.502016
194,Miss,5125279.502016
195,ITI,5125279.505024
195,Go,5125284.596032
195,Joystick,5125284.711008
195,Response,5125284.711008
195,Joystick,5125284.765024
195,Hit,5125284.765024
196,ITI,5125284.765024
196,Joystick,5125286.868032
196,Joystick,5125287.846016
196,Go,5125290.454016
196,Response,5125290.579008
196,Joystick,5125290.610016
196,Hit,5125290.610016
197,ITI,5125290.610016
197,Joystick,5125293.316032
197,Joystick,5125293.396032
197,Joystick,5125293.693024
197,Go,5125299.331008
197,Joystick,5125299.428032
197,Response,5125299.428032
197,Joystick,5125300.120032
197,Hit,5125300.120032
198,ITI,5125300.120032
198,Joystick,5125301.678016
198,Joystick,5125302.033024
198,Joystick,5125302.417024
198,Joystick,5125302.518016
198,Joystick,5125308.799008
198,Joystick,5125309.274016
198,Joystick,5125309.761024
198,Joystick,5125310.356032
198,Go,5125313.691008
198,Joystick,5125313.776032
198,Response,5125313.776032
198,Miss,5125315.785024
199,ITI,5125315.787008
199,NoGo,5125321.567008
199,Response,5125321.687008
199,CorrectRejection,5125323.688032
200,ITI,5125323.691008
200,NoGo,5125328.390016
200,Response,5125328.499008
200,Joystick,5125328.563008
200,CorrectRejection,5125330.499008
201,ITI,5125330.501024
201,Go,5125335.579008
201,Response,5125335.702016
201,Joystick,5125335.749024
201,Hit,5125335.749024
202,ITI,5125335.749024
202,Joystick,5125338.146016
202,Go,5125344.530016
202,Response,5125344.656032
202,Joystick,5125344.701024
202,Hit,5125344.701024
203,ITI,5125344.701024
203,Joystick,5125346.892032
203,Joystick,5125347.004032
203,Go,5125352.487008
203,Joystick,5125352.570016
203,Response,5125352.570016
203,Miss,5125354.571008
204,ITI,5125354.573024
204,Go,5125361.363008
204,Joystick,5125361.445024
204,Response,5125361.445024
204,Joystick,5125361.498016
204,Hit,5125361.498016
205,ITI,5125361.498016
205,Joystick,5125363.186016
205,Joystick,5125364.232032
205,Joystick,5125364.745024
205,Joystick,5125368.446016
205,Joystick,5125368.719008
205,Go,5125372.484032
205,Joystick,5125372.571008
205,Response,5125372.571008
205,Miss,5125374.577024
206,ITI,5125374.580032
206,Joystick,5125375.646016
206,Joystick,5125376.040032
206,Joystick,5125376.534016
206,Joystick,5125377.503008
206,Joystick,5125377.639008
206,Go,5125380.200032
206,Response,5125380.324032
206,Joystick,5125380.409024
206,Hit,5125380.409024
207,ITI,5125380.409024
207,Joystick,5125381.121024
207,Joystick,5125381.247008
207,Joystick,5125381.380032
207,Joystick,5125381.671008
207,Joystick,5125381.967008
207,Joystick,5125382.277024
207,Joystick,5125382.428032
207,Joystick,5125384.798016
207,Joystick,5125385.091008
207,Joystick,5125385.211008
207,Go,5125389.950016
207,Joystick,5125390.049024
207,Response,5125390.049024
207,Miss,5125392.061024
208,ITI,5125392.064032
208,Go,5125397.669024
208,Joystick,5125397.787008
208,Response,5125397.787008
208,Miss,5125399.787008
209,ITI,5125399.789024
209,Joystick,5125409.076032
209,Go,5125411.448032
209,Response,5125411.572032
209,Joystick,5125411.648032
209,Hit,5125411.648032
210,ITI,5125411.648032
210,Joystick,5125412.211008
210,Joystick,5125412.346016
210,Joystick,5125412.479008
210,Joystick,5125417.179008
210,NoGo,5125420.563008
210,Response,5125420.682016
210,Joystick,5125420.724032
210,CorrectRejection,5125422.683008
211,ITI,5125422.686016
211,Go,5125428.603008
211,Response,5125428.713024
211,Joystick,5125428.765024
211,Hit,5125428.765024
212,ITI,5125428.765024
212,Joystick,5125428.881024
212,Go,5125433.027008
212,Joystick,5125433.118016
212,Response,5125433.118016
212,Joystick,5125433.168032
212,Hit,5125433.168032
213,ITI,5125433.168032
213,Joystick,5125434.004032
213,Go,5125438.477024
213,Response,5125438.602016
213,Joystick,5125438.618016
213,Hit,5125438.618016
214,ITI,5125438.618016
214,Go,5125443.840032
214,Response,5125443.963008
214,Joystick,5125443.970016
214,Hit,5125443.970016
215,ITI,5125443.970016
215,Joystick,5125446.194016
215,Joystick,5125446.322016
215,Joystick,5125446.464032
215,Joystick,5125446.578016
215,Joystick,5125449.569024
215,Joystick,5125449.931008
215,Joystick,5125453.862016
215,Joystick,5125453.956032
215,Go,5125456.119008
215,Joystick,5125456.206016
215,Response,5125456.206016
215,Miss,5125458.212032
216,ITI,5125458.215008
216,Go,5125462.981024
216,Response,5125463.101024
216,Joystick,5125463.109024
216,Hit,5125463.109024
217,ITI,5125463.109024
217,Joystick,5125465.141024
217,Joystick,5125466.068032
217,Joystick,5125466.172032
217,Joystick,5125466.387008
217,Joystick,5125466.513024
217,Joystick,5125466.801024
217,Joystick,5125467.111008
217,Joystick,5125467.419008
217,Joystick,5125467.530016
217,Joystick,5125467.736032
217,Joystick,5125467.835008
217,Joystick,5125471.942016
217,Joystick,5125472.649024
217,Joystick,5125473.955008
217,Joystick,5125474.038016
217,Joystick,5125474.606016
217,NoGo,5125481.022016
217,Joystick,5125481.104032
217,Joystick,5125481.152032
217,Joystick,5125484.909024
218,ITI,5125487.120032
218,Go,5125492.835008
218,Response,5125492.960032
218,Joystick,5125493.025024
218,Hit,5125493.025024
219,ITI,5125493.025024
219,Go,5125498.445024
219,Response,5125498.567008
219,Joystick,5125498.737024
219,Hit,5125498.737024
220,ITI,5125498.737024
220,Joystick,5125498.849024
220,Go,5125505.445024
220,Response,5125505.568032
220,Joystick,5125505.662016
220,Hit,5125505.662016
221,ITI,5125505.662016
221,Joystick,5125506.181024
221,Joystick,5125506.283008
221,Joystick,5125506.438016
221,Joystick,5125506.703008
221,Joystick,5125507.457024
221,Joystick,5125507.611008
221,Joystick,5125507.835008
221,Go,5125510.691008
221,Response,5125510.817024
221,Joystick,5125510.862016
221,Hit,5125510.862016
222,ITI,5125510.862016
222,Joystick,5125510.967008
222,Joystick,5125511.116032
222,Go,5125520.521024
222,Response,5125520.645024
222,Joystick,5125520.762016
222,Hit,5125520.762016
223,ITI,5125520.762016
223,Go,5125526.281024
223,Response,5125526.410016
223,Joystick,5125526.928032
223,Hit,5125526.928032
224,ITI,5125526.928032
224,Joystick,5125527.068032
224,Go,5125536.397024
224,Response,5125536.519008
224,Joystick,5125536.733024
224,Hit,5125536.733024
225,ITI,5125536.733024
225,Joystick,5125537.363008
225,Go,5125543.237024
225,Response,5125543.347008
225,Joystick,5125543.580032
225,Hit,5125543.580032
226,ITI,5125543.580032
226,Joystick,5125543.678016
226,Joystick,5125548.389024
226,Joystick,5125548.915008
226,Joystick,5125549.547008
226,Joystick,5125551.080032
226,Joystick,5125553.255008
226,Joystick,5125553.673024
226,Joystick,5125554.603008
226,Joystick,5125554.702016
226,Joystick,5125554.876032
226,Joystick,5125554.978016
226,Joystick,5125556.045024
226,Joystick,5125557.675008
226,Joystick,5125557.870016
226,Joystick,5125560.834016
226,NoGo,5125564.411008
226,Joystick,5125564.521024
227,ITI,5125570.535008
227,Joystick,5125573.217024
227,Go,5125581.954016
227,Response,5125582.063008
227,Joystick,5125582.084032
227,Hit,5125582.084032
228,ITI,5125582.084032
228,Joystick,5125582.982016
228,Joystick,5125583.283008
228,Joystick,5125583.529024
228,Joystick,5125583.867008
228,Joystick,5125587.613024
228,Joystick,5125588.751008
228,Joystick,5125588.965024
228,Go,5125592.515008
228,Response,5125592.640032
228,Joystick,5125592.656032
228,Hit,5125592.656032
229,ITI,5125592.656032
229,Joystick,5125593.452032
229,Joystick,5125593.557024
229,Joystick,5125593.773024
229,Joystick,5125593.904032
229,Joystick,5125594.051008
229,Joystick,5125594.215008
229,Go,5125597.796032
229,Response,5125597.921024
229,Joystick,5125597.956032
229,Hit,5125597.956032
230,ITI,5125597.956032
230,Joystick,5125598.181024
230,Go,5125603.515008
230,Response,5125603.641024
230,Joystick,5125603.647008
230,Hit,5125603.647008
231,ITI,5125603.647008
231,Joystick,5125604.883008
231,Joystick,5125605.579008
231,Joystick,5125606.193024
231,Go,5125611.109024
231,Response,5125611.233024
231,Miss,5125613.235008
232,ITI,5125613.237024
232,Go,5125618.986016
232,Response,5125619.109024
232,Joystick,5125619.135008
232,Hit,5125619.135008
233,ITI,5125619.135008
233,Go,5125626.892032
233,Joystick,5125626.995008
233,Response,5125626.995008
233,Joystick,5125627.056032
233,Hit,5125627.056032
234,ITI,5125627.056032
234,Go,5125632.554016
234,Response,5125632.685024
234,Joystick,5125633.240032
234,Hit,5125633.240032
235,ITI,5125633.240032
235,Joystick,5125635.926016
235,Joystick,5125636.022016
235,Joystick,5125636.167008
235,Joystick,5125637.338016
235,Joystick,5125639.099008
235,Joystick,5125639.191008
235,Joystick,5125639.573024
235,Joystick,5125640.023008
235,Joystick,5125640.098016
235,Joystick,5125640.915008
235,Joystick,5125641.780032
235,Go,5125656.827008
235,Response,5125656.950016
235,Joystick,5125656.966016
235,Hit,5125656.966016
236,ITI,5125656.966016
236,Joystick,5125658.990016
236,Joystick,5125660.019008
236,Joystick,5125660.104032
236,Joystick,5125663.412032
236,Joystick,5125663.844032
236,Joystick,5125664.027008
236,Go,5125666.404032
236,Response,5125666.528032
236,Joystick,5125666.600032
236,Hit,5125666.600032
237,ITI,5125666.600032
237,Joystick,5125666.690016
237,Joystick,5125667.844032
237,Joystick,5125668.607008
237,Joystick,5125668.741024
237,Joystick,5125668.866016
237,Joystick,5125673.388032
237,Go,5125675.559008
237,Joystick,5125675.677024
237,Response,5125675.677024
237,Miss,5125677.684032
238,ITI,5125677.687008
238,NoGo,5125682.747008
238,Response,5125682.871008
238,Joystick,5125682.889024
238,CorrectRejection,5125684.874016
239,ITI,5125684.877024
239,Go,5125689.422016
239,Response,5125689.542016
239,Joystick,5125689.571008
239,Hit,5125689.571008
240,ITI,5125689.571008
240,Joystick,5125689.682016
240,Joystick,5125689.813024
240,Joystick,5125689.897024
240,Joystick,5125690.044032
240,Joystick,5125690.289024
240,Joystick,5125690.552032
240,Joystick,5125690.803008
240,Joystick,5125691.095008
240,Joystick,5125692.969024
240,Joystick,5125693.510016
240,Joystick,5125695.323008
240,Joystick,5125695.777024
240,Joystick,5125695.971008
240,Joystick,5125699.200032
240,Joystick,5125700.317024
240,Joystick,5125701.043008
240,Joystick,5125701.763008
240,Joystick,5125701.875008
240,Joystick,5125702.068032
240,NoGo,5125704.339008
240,Response,5125704.463008
240,Joystick,5125704.474016
240,Timeout,5125706.049024
240,Joystick,5125706.262016
240,Joystick,5125707.080032
240,Joystick,5125707.352032
240,Joystick,5125707.722016
240,Joystick,5125708.532032
240,Joystick,5125709.025024
240,Joystick,5125709.542016
240,Joystick,5125710.174016
240,Joystick,5125711.000032
240,Joystick,5125711.216032
240,Joystick,5125711.803008
240,FalseAlarm,5125712.050016
241,ITI,5125712.053024
241,Joystick,5125712.680032
241,Joystick,5125713.066016
241,Joystick,5125713.186016
241,Joystick,5125714.028032
241,Joystick,5125715.554016
241,Joystick,5125715.827008
241,Go,5125718.232032
241,Response,5125718.352032
241,Timeout,5125718.784032
241,Joystick,5125719.940032
241,Joystick,5125720.559008
241,Miss,5125720.791008
242,ITI,5125720.794016
242,Joystick,5125720.847008
242,Joystick,5125721.550016
242,Joystick,5125721.861024
242,Joystick,5125722.940032
242,Go,5125725.540032
242,Response,5125725.664032
242,Joystick,5125725.815008
242,Hit,5125725.815008
243,ITI,5125725.815008
243,Joystick,5125725.970016
243,Joystick,5125726.844032
243,Joystick,5125730.385024
243,Joystick,5125730.520032
243,Go,5125732.766016
243,Response,5125732.883008
243,Joystick,5125732.891008
243,Hit,5125732.891008
244,ITI,5125732.891008
244,Joystick,5125732.997024
244,Joystick,5125733.535008
244,Joystick,5125733.816032
244,Joystick,5125737.769024
244,Joystick,5125737.902016
244,Joystick,5125738.060032
244,Joystick,5125740.920032
244,Joystick,5125741.024032
244,Go,5125746.188032
244,Response,5125746.305024
244,Joystick,5125746.327008
244,Hit,5125746.327008
245,ITI,5125746.327008
245,Joystick,5125746.433024
245,Joystick,5125746.561024
245,Joystick,5125748.586016
245,NoGo,5125756.666016
245,Response,5125756.773024
245,Joystick,5125756.794016
245,Timeout,5125756.798016
245,FalseAlarm,5125762.806016
246,ITI,5125762.809024
246,Go,5125771.322016
246,Joystick,5125771.356032
246,Response,5125771.356032
246,Joystick,5125771.419008
246,Hit,5125771.419008
247,ITI,5125771.419008
247,Joystick,5125771.518016
247,Joystick,5125771.859008
247,Joystick,5125790.497024
247,Go,5125792.551008
247,Response,5125792.676032
247,Joystick,5125792.734016
247,Hit,5125792.734016
248,ITI,5125792.734016
248,Joystick,5125792.829024
248,Joystick,5125792.946016
248,NoGo,5125806.742016
248,Response,5125806.864032
248,Timeout,5125807.011008
248,Joystick,5125807.147008
248,Joystick,5125808.076032
248,Joystick,5125808.431008
248,FalseAlarm,5125813.033024
249,ITI,5125813.039008
249,Go,5125817.121024
249,Response,5125817.238016
249,Joystick,5125817.319008
249,Hit,5125817.319008
250,ITI,5125817.319008
250,Joystick,5125817.474016
250,Go,5125830.424032
250,Response,5125830.549024
250,Joystick,5125830.573024
250,Hit,5125830.573024
251,ITI,5125830.573024
251,Joystick,5125831.030016
251,Joystick,5125831.190016
251,Joystick,5125831.284032
251,Joystick,5125831.437024
251,Joystick,5125831.550016
251,Go,5125836.189024
251,Response,5125836.314016
251,Joystick,5125836.330016
251,Hit,5125836.330016
252,ITI,5125836.330016
252,Joystick,5125836.656032
252,NoGo,5125843.394016
252,Response,5125843.518016
252,CorrectRejection,5125845.518016
253,ITI,5125845.520032
253,Go,5125851.206016
253,Response,5125851.329024
253,Joystick,5125851.540032
253,Hit,5125851.540032
254,ITI,5125851.540032
254,Joystick,5125851.796032
254,NoGo,5125857.329024
254,Response,5125857.455008
254,CorrectRejection,5125859.459008
255,ITI,5125859.461024
255,Go,5125864.459008
255,Response,5125864.579008
255,Miss,5125866.579008
256,ITI,5125866.581024
256,Go,5125874.038016
256,Response,5125874.156032
256,Joystick,5125874.576032
256,Hit,5125874.576032
257,ITI,5125874.576032
257,Joystick,5125874.939008
257,Joystick,5125875.962016
257,Joystick,5125876.426016
257,Joystick,5125878.682016
257,Joystick,5125878.806016
257,Go,5125882.109024
257,Response,5125882.234016
257,Joystick,5125882.262016
257,Hit,5125882.262016
258,ITI,5125882.262016
258,Joystick,5125882.496032
258,Joystick,5125882.610016
258,Joystick,5125882.716032
258,Joystick,5125882.889024
258,Joystick,5125885.932032
258,Joystick,5125886.016032
258,Joystick,5125886.136032
258,Joystick,5125886.969024
258,Joystick,5125887.941024
258,Joystick,5125888.458016
258,Joystick,5125888.811008
258,Joystick,5125888.893024
258,Joystick,5125889.358016
258,Joystick,5125890.703008
258,Joystick,5125892.837024
258,Joystick,5125894.492032
258,NoGo,5125900.425024
258,Response,5125900.545024
258,Timeout,5125900.604032
258,Joystick,5125900.608032
258,FalseAlarm,5125906.612032
259,ITI,5125906.615008
259,Go,5125911.061024
259,Response,5125911.185024
259,Joystick,5125911.227008
259,Hit,5125911.227008
260,ITI,5125911.227008
260,Joystick,5125913.758016
260,Joystick,5125914.107008
260,Joystick,5125914.176032
260,Joystick,5125914.391008
260,Joystick,5125917.416032
260,Joystick,5125922.510016
260,Go,5125931.397024
260,Response,5125931.528032
260,Joystick,5125931.566016
260,Hit,5125931.566016
261,ITI,5125931.566016
261,Joystick,5125931.938016
261,Joystick,5125934.160032
261,Joystick,5125934.340032
261,Go,5125937.513024
261,Response,5125937.621024
261,Joystick,5125937.694016
261,Hit,5125937.694016
262,ITI,5125937.694016
262,Joystick,5125937.951008
262,Joystick,5125938.094016
262,Go,5125943.683008
262,Response,5125943.808032
262,Joystick,5125943.842016
262,Hit,5125943.842016
263,ITI,5125943.842016
263,NoGo,5125958.823008
263,Response,5125958.949024
263,CorrectRejection,5125960.952032
264,ITI,5125960.954016
264,NoGo,5125965.115008
264,Response,5125965.245024
264,CorrectRejection,5125967.254016
265,ITI,5125967.257024
265,Go,5125972.857024
265,Response,5125972.978016
265,Miss,5125974.979008
266,ITI,5125974.983008
266,NoGo,5125980.174016
266,Response,5125980.290016
266,CorrectRejection,5125982.290016
267,ITI,5125982.293024
267,NoGo,5125987.494016
267,Response,5125987.619008
267,CorrectRejection,5125989.620032
268,ITI,5125989.623008
268,Go,5125993.951008
268,Response,5125994.072032
268,Joystick,5125994.347008
268,Hit,5125994.347008
269,ITI,5125994.347008
269,Go,5125999.921024
269,Response,5126000.039008
269,Joystick,5126000.310016
269,Hit,5126000.310016
270,ITI,5126000.310016
270,Joystick,5126000.414016
270,Joystick,5126000.567008
270,Go,5126005.370016
270,Response,5126005.476032
270,Joystick,5126005.543008
270,Hit,5126005.543008
271,ITI,5126005.543008
271,Joystick,5126006.172032
271,Go,5126011.430016
271,Response,5126011.538016
271,Joystick,5126011.581024
271,Hit,5126011.581024
272,ITI,5126011.581024
272,Joystick,5126012.895008
272,Joystick,5126013.940032
272,Joystick,5126014.200032
272,Joystick,5126014.518016
272,Joystick,5126014.804032
272,Joystick,5126018.320032
272,Joystick,5126018.420032
272,Joystick,5126018.712032
272,Joystick,5126019.048032
272,Joystick,5126019.126016
272,Joystick,5126020.358016
272,Joystick,5126020.545024
272,Joystick,5126021.187008
272,Joystick,5126021.712032
272,Joystick,5126021.814016
272,Joystick,5126022.210016
272,Joystick,5126022.367008
272,Go,5126024.919008
272,Joystick,5126025.013024
272,Response,5126025.013024
272,Joystick,5126025.583008
272,Hit,5126025.583008
273,ITI,5126025.583008
273,Joystick,5126028.954016
273,Joystick,5126029.074016
273,Joystick,5126029.328032
273,NoGo,5126041.397024
273,Response,5126041.522016
273,Joystick,5126041.554016
273,CorrectRejection,5126043.531008
274,ITI,5126043.534016
274,NoGo,5126048.070016
274,Response,5126048.193024
274,CorrectRejection,5126050.193024
275,ITI,5126050.196032
275,NoGo,5126054.604032
275,Response,5126054.724032
275,CorrectRejection,5126056.728032
276,ITI,5126056.730016
276,Go,5126061.537024
276,Response,5126061.661024
276,Joystick,5126061.695008
276,Hit,5126061.695008
277,ITI,5126061.695008
277,Joystick,5126062.386016
277,Joystick,5126062.489024
277,Joystick,5126062.625024
277,Joystick,5126062.725024
277,Joystick,5126062.892032
277,Joystick,5126064.867008
277,Joystick,5126064.970016
277,Go,5126069.804032
277,Response,5126069.926016
277,Joystick,5126070.026016
277,Hit,5126070.026016
278,ITI,5126070.026016
278,Joystick,5126070.081024
278,Joystick,5126070.345024
278,Joystick,5126070.932032
278,Joystick,5126071.252032
278,Go,5126079.395008
278,Response,5126079.520032
278,Joystick,5126079.530016
278,Hit,5126079.530016
279,ITI,5126079.530016
279,Go,5126083.972032
279,Response,5126084.097024
279,Joystick,5126084.262016
279,Hit,5126084.262016
280,ITI,5126084.262016
280,Joystick,5126084.393024
280,Joystick,5126084.496032
280,Joystick,5126084.992032
280,Joystick,5126091.112032
280,Joystick,5126091.199008
280,Joystick,5126092.423008
280,Joystick,5126092.511008
280,Joystick,5126092.657024
280,Joystick,5126094.646016
280,Joystick,5126094.735008
280,Joystick,5126094.864032
280,Joystick,5126095.140032
280,Joystick,5126095.265024
280,Joystick,5126097.238016
280,Joystick,5126097.530016
280,Joystick,5126097.619008
280,Joystick,5126101.732032
280,NoGo,5126108.362016
280,Response,5126108.487008
280,CorrectRejection,5126110.487008
281,ITI,5126110.489024
281,Go,5126115.393024
281,Response,5126115.517024
281,Joystick,5126115.683008
281,Hit,5126115.683008
282,ITI,5126115.683008
282,Joystick,5126116.440032
282,Joystick,5126116.583008
282,Joystick,5126119.104032
282,Joystick,5126119.201024
282,Joystick,5126119.332032
282,Joystick,5126119.535008
282,Joystick,5126119.631008
282,Joystick,5126119.825024
282,Joystick,5126121.944032
282,Joystick,5126122.050016
282,Joystick,5126132.613024
282,Go,5126147.104032
282,Response,5126147.219008
282,Joystick,5126147.367008
282,Hit,5126147.367008
283,ITI,5126147.367008
283,Joystick,5126147.966016
283,Joystick,5126148.250016
283,Joystick,5126148.326016
283,Joystick,5126148.503008
283,Joystick,5126148.628032
283,Joystick,5126148.804032
283,Joystick,5126148.881024
283,Joystick,5126149.027008
283,Joystick,5126151.217024
283,Go,5126159.284032
283,Response,5126159.406016
283,Joystick,5126159.422016
283,Hit,5126159.422016
284,ITI,5126159.422016
284,Joystick,5126159.763008
284,Go,5126165.846016
284,Response,5126165.968032
284,Joystick,5126165.993024
284,Hit,5126165.993024
285,ITI,5126165.993024
285,Joystick,5126166.074016
285,Joystick,5126166.314016
285,Go,5126180.079008
285,Response,5126180.201024
285,Joystick,5126180.224032
285,Hit,5126180.224032
286,ITI,5126180.224032
286,Joystick,5126180.447008
286,Joystick,5126180.562016
286,Joystick,5126180.684032
286,Joystick,5126180.972032
286,Joystick,5126181.274016
286,Joystick,5126184.750016
286,Joystick,5126193.940032
286,Go,5126198.640032
286,Response,5126198.747008
286,Joystick,5126198.765024
286,Hit,5126198.765024
287,ITI,5126198.765024
287,Joystick,5126199.687008
287,Joystick,5126199.815008
287,Joystick,5126199.946016
287,Joystick,5126200.250016
287,Joystick,5126200.423008
287,Joystick,5126205.156032
287,Joystick,5126206.105024
287,Joystick,5126206.491008
287,Go,5126209.340032
287,Response,5126209.465024
287,Joystick,5126209.956032
287,Hit,5126209.956032
288,ITI,5126209.956032
288,Joystick,5126212.431008
288,Go,5126258.619008
288,Response,5126258.744032
288,Joystick,5126258.782016
288,Hit,5126258.782016
289,ITI,5126258.782016
289,Joystick,5126261.302016
289,Joystick,5126261.717024
289,Joystick,5126263.397024
289,Go,5126265.700032
289,Response,5126265.821024
289,Joystick,5126265.893024
289,Hit,5126265.893024
290,ITI,5126265.893024
290,Go,5126278.557024
290,Joystick,5126278.643008
290,Response,5126278.643008
290,Joystick,5126278.850016
290,Hit,5126278.850016
291,ITI,5126278.850016
291,Joystick,5126278.960032
291,Go,5126301.696032
291,Response,5126301.820032
291,Joystick,5126301.919008
291,Hit,5126301.919008
292,ITI,5126301.919008
292,Joystick,5126302.086016
292,Go,5126316.933024
292,Response,5126317.053024
292,Joystick,5126317.133024
292,Hit,5126317.133024
293,ITI,5126317.133024
293,Go,5126345.836032
293,Response,5126345.957024
293,Joystick,5126345.977024
293,Hit,5126345.977024
294,ITI,5126345.977024
294,Joystick,5126346.253024
294,Joystick,5126346.358016
294,Joystick,5126346.480032
294,Joystick,5126347.748032
294,Joystick,5126347.917024
294,Joystick,5126348.593024
294,Joystick,5126348.919008
294,NoGo,5126351.491008
294,Response,5126351.599008
294,CorrectRejection,5126353.599008
295,ITI,5126353.602016
295,Go,5126358.176032
295,Response,5126358.300032
295,Joystick,5126358.671008
295,Hit,5126358.671008
296,ITI,5126358.671008
296,Joystick,5126366.403008
296,Joystick,5126366.485024
296,Joystick,5126366.655008
296,Joystick,5126367.600032
296,Joystick,5126367.701024
296,Joystick,5126367.838016
296,Joystick,5126369.184032
296,Joystick,5126369.378016
296,Joystick,5126371.515008
296,Joystick,5126372.560032
296,Joystick,5126372.964032
296,Joystick,5126373.304032
296,Joystick,5126373.551008
296,Joystick,5126374.308032
296,Joystick,5126374.638016
296,Joystick,5126374.815008
296,Joystick,5126374.958016
296,Joystick,5126375.043008
296,Joystick,5126383.515008
296,Joystick,5126384.261024
296,NoGo,5126387.987008
296,Response,5126388.097024
296,CorrectRejection,5126390.097024
297,ITI,5126390.099008
297,Go,5126395.816032
297,Response,5126395.939008
297,Joystick,5126396.385024
297,Hit,5126396.385024
298,ITI,5126396.385024
298,Joystick,5126396.744032
298,Joystick,5126403.133024
298,Joystick,5126403.512032
298,Joystick,5126403.888032
298,Joystick,5126404.369024
298,Joystick,5126404.450016
298,Joystick,5126406.259008
298,Joystick,5126406.623008
298,Joystick,5126406.670016
298,Go,5126410.034016
298,Response,5126410.157024
298,Joystick,5126410.199008
298,Hit,5126410.199008
299,ITI,5126410.199008
299,Joystick,5126412.470016
299,Joystick,5126412.587008
299,Joystick,5126412.709024
299,Joystick,5126413.948032
299,NoGo,5126423.689024
299,Response,5126423.797024
299,CorrectRejection,5126425.813024
300,ITI,5126425.816032
300,Go,5126431.750016
300,Response,5126431.874016
300,Joystick,5126432.506016
300,Hit,5126432.506016
301,ITI,5126432.506016
301,Joystick,5126438.043008
301,NoGo,5126505.934016
301,Response,5126506.057024
301,CorrectRejection,5126508.061024
302,ITI,5126508.064032
302,NoGo,5126513.903008
302,Response,5126514.010016
302,CorrectRejection,5126516.011008
303,ITI,5126516.014016
303,Go,5126521.901024
303,Response,5126522.011008
303,Miss,5126524.011008
304,ITI,5126524.014016
304,Go,5126528.822016
304,Response,5126528.947008
304,Miss,5126530.947008
305,ITI,5126530.949024
305,Go,5126535.464032
305,Response,5126535.587008
305,Miss,5126537.591008
306,ITI,5126537.594016
306,Go,5126543.416032
306,Response,5126543.540032
306,Miss,5126545.541024
307,ITI,5126545.544032
307,NoGo,5126551.825024
307,Response,5126551.945024
307,CorrectRejection,5126553.946016
308,ITI,5126553.949024
308,Go,5126558.325024
308,Response,5126558.445024
308,Joystick,5126558.653024
308,Hit,5126558.653024
309,ITI,5126558.653024
309,Joystick,5126558.777024
309,Joystick,5126559.859008
309,Joystick,5126559.978016
309,Joystick,5126560.414016
309,Joystick,5126561.402016
309,Joystick,5126562.272032
309,Joystick,5126562.424032
309,Joystick,5126562.846016
309,Joystick,5126562.876032
309,NoGo,5126566.758016
309,Response,5126566.867008
309,Joystick,5126567.304032
309,CorrectRejection,5126568.868032
310,ITI,5126568.870016
310,Joystick,5126581.148032
310,Go,5126588.209024
310,Response,5126588.334016
310,Miss,5126590.334016
311,ITI,5126590.338016
311,NoGo,5126601.005024
311,Response,5126601.130016
311,CorrectRejection,5126603.138016
312,ITI,5126603.140032
312,Go,5126607.302016
312,Response,5126607.428032
312,Miss,5126609.443008
313,ITI,5126609.446016
313,Go,5126613.476032
313,Response,5126613.584032
313,Miss,5126615.585024
314,ITI,5126615.587008
314,Go,5126620.391008
314,Response,5126620.504032
314,Joystick,5126620.782016
314,Hit,5126620.782016
315,ITI,5126620.782016
315,Joystick,5126620.857024
315,Joystick,5126626.150016
315,Joystick,5126626.568032
315,Joystick,5126628.155008
315,Joystick,5126628.341024
315,Joystick,5126628.980032
315,Joystick,5126630.931008
315,Joystick,5126631.202016
315,Joystick,5126631.296032
315,Go,5126667.075008
315,Response,5126667.205024
315,Joystick,5126667.739008
315,Hit,5126667.739008
316,ITI,5126667.739008
316,Joystick,5126671.578016
316,Go,5126674.832032
316,Response,5126674.954016
316,Joystick,5126674.986016
316,Hit,5126674.986016
317,ITI,5126674.986016
317,Go,5126684.846016
317,Response,5126684.970016
317,Joystick,5126684.985024
317,Hit,5126684.985024
318,ITI,5126684.985024
318,Joystick,5126685.616032
318,Joystick,5126686.713024
318,Joystick,5126714.808032
318,Go,5126719.499008
318,Response,5126719.624032
318,Joystick,5126719.625024
318,Hit,5126719.625024
319,ITI,5126719.625024
319,Go,5126743.982016
319,Joystick,5126744.083008
319,Response,5126744.083008
319,Joystick,5126744.118016
319,Hit,5126744.118016
320,ITI,5126744.118016
320,Joystick,5126747.126016
320,Joystick,5126756.152032
320,Joystick,5126756.911008
320,Go,5126772.328032
320,Response,5126772.449024
320,Joystick,5126772.531008
320,Hit,5126772.531008
321,ITI,5126772.531008
321,Joystick,5126773.165024
321,Joystick,5126775.093024
321,Joystick,5126775.751008
321,Joystick,5126776.244032
321,Joystick,5126776.890016
321,Joystick,5126777.048032
321,Joystick,5126777.210016
321,Joystick,5126777.345024
321,Joystick,5126777.764032
321,Joystick,5126777.954016
321,Joystick,5126778.079008
321,Joystick,5126778.378016
321,Joystick,5126779.486016
321,Joystick,5126779.584032
321,Go,5126785.065024
321,Joystick,5126785.149024
321,Response,5126785.149024
321,Joystick,5126785.191008
321,Hit,5126785.191008
322,ITI,5126785.191008
322,Joystick,5126786.977024
322,Joystick,5126787.081024
322,Joystick,5126787.129024
322,Joystick,5126787.543008
322,Joystick,5126787.719008
322,Joystick,5126788.896032
322,Joystick,5126789.070016
322,Joystick,5126789.124032
322,Joystick,5126789.141024
322,Joystick,5126791.466016
322,Joystick,5126792.756032
322,Joystick,5126793.458016
322,Joystick,5126794.243008
322,Go,5126797.567008
322,Response,5126797.682016
322,Joystick,5126797.774016
322,Hit,5126797.774016
323,ITI,5126797.774016
323,Joystick,5126798.013024
323,Go,5126802.248032
323,Response,5126802.369024
323,Joystick,5126802.403008
323,Hit,5126802.403008
324,ITI,5126802.403008
324,Joystick,5126803.374016
324,Go,5126809.856032
324,Joystick,5126809.953024
324,Response,5126809.953024
324,Joystick,5126809.976032
324,Hit,5126809.976032
325,ITI,5126809.976032
325,Joystick,5126813.131008
325,Go,5126816.125024
325,Response,5126816.243008
325,Joystick,5126816.294016
325,Hit,5126816.294016
326,ITI,5126816.294016
326,Joystick,5126816.531008
326,Joystick,5126816.606016
326,Joystick,5126816.724032
326,Joystick,5126816.860032
326,Joystick,5126816.965024
326,Joystick,5126817.261024
326,Joystick,5126817.355008
326,NoGo,5126821.227008
326,Response,5126821.352032
326,Joystick,5126821.418016
326,CorrectRejection,5126823.354016
327,ITI,5126823.356032
327,NoGo,5126830.152032
327,Response,5126830.274016
327,CorrectRejection,5126832.290016
328,ITI,5126832.294016
328,Go,5126837.305024
328,Response,5126837.430016
328,Joystick,5126837.783008
328,Hit,5126837.783008
329,ITI,5126837.783008
329,Joystick,5126838.413024
329,Joystick,5126838.686016
329,Joystick,5126839.339008
329,Joystick,5126839.471008
329,Joystick,5126840.060032
329,Joystick,5126841.593024
329,Joystick,5126841.747008
329,Joystick,5126842.377024
329,Joystick,5126843.328032
329,Joystick,5126843.621024
329,Joystick,5126844.329024
329,Joystick,5126844.564032
329,Joystick,5126845.456032
329,Joystick,5126845.846016
329,Joystick,5126845.869024
329,Joystick,5126847.124032
329,Joystick,5126849.496032
329,Go,5126888.121024
329,Response,5126888.240032
329,Miss,5126890.242016
330,ITI,5126890.245024
330,NoGo,5126894.880032
330,Response,5126894.988032
330,Joystick,5126895.047008
330,Joystick,5126895.116032
330,Joystick,5126895.679008
330,CorrectRejection,5126896.990016
331,ITI,5126896.992032
331,Go,5126988.845024
331,Response,5126988.969024
331,Joystick,5126989.145024
331,Hit,5126989.145024
332,ITI,5126989.145024
332,Joystick,5126991.435008
332,Joystick,5126992.477024
332,Joystick,5126996.433024
332,Joystick,5126997.485024
332,Go,5127009.428032
332,Joystick,5127009.512032
332,Response,5127009.512032
332,Miss,5127011.516032
333,ITI,5127011.518016
333,Joystick,5127011.802016
333,Joystick,5127012.015008
333,Go,5127021.412032
333,Joystick,5127021.494016
333,Response,5127021.494016
333,Miss,5127023.498016
334,ITI,5127023.501024
334,Joystick,5127023.835008
334,Joystick,5127094.469024
334,Joystick,5127100.005024
334,Joystick,5127100.601024
334,Go,5127103.729024
334,Response,5127103.852032
334,Joystick,5127103.953024
334,Hit,5127103.953024
335,ITI,5127103.953024
335,Joystick,5127106.006016
335,Joystick,5127110.783008
335,Joystick,5127111.678016
335,Joystick,5127115.646016
335,Joystick,5127116.515008
335,Joystick,5127116.875008
335,Go,5127121.446016
335,Response,5127121.554016
335,Joystick,5127121.630016
335,Hit,5127121.630016
336,ITI,5127121.630016
336,Joystick,5127123.414016
336,Joystick,5127123.516032
336,Joystick,5127123.583008
336,Joystick,5127184.437024
336,Joystick,5127185.121024
336,Joystick,5127185.430016
336,Joystick,5127185.947008
336,Joystick,5127186.323008
336,Joystick,5127186.620032
336,Joystick,5127187.978016
336,Joystick,5127189.154016
336,Joystick,5127189.804032
336,Joystick,5127190.563008
336,Joystick,5127190.819008
336,NoGo,5127199.756032
336,Response,5127199.879008
336,Joystick,5127199.914016
336,Joystick,5127200.182016
336,Timeout,5127200.203008
336,Joystick,5127200.285024
336,Joystick,5127202.561024
336,Joystick,5127202.600032
336,FalseAlarm,5127206.213024
337,ITI,5127206.216032
337,Go,5127212.865024
337,Joystick,5127212.962016
337,Joystick,5127213.014016
338,ITI,5127218.880032
338,Joystick,5127229.642016
338,Go,5127235.349024
338,Joystick,5127235.447008
339,ITI,5127241.363008
339,Joystick,5127283.786016
339,Joystick,5127285.637024
339,Joystick,5127286.895008
339,Joystick,5127286.934016
339,Joystick,5127287.915008
339,Joystick,5127287.950016
339,Go,5127292.015008
339,Response,5127292.139008
339,Joystick,5127292.322016
339,Hit,5127292.322016
340,ITI,5127292.322016
340,Joystick,5127292.419008
340,Joystick,5127293.012032
340,Joystick,5127293.693024
340,Joystick,5127293.962016
340,Joystick,5127294.083008
340,NoGo,5127301.294016
340,Response,5127301.419008
340,Joystick,5127301.453024
340,CorrectRejection,5127303.419008
341,ITI,5127303.422016
341,Joystick,5127308.321024
341,Joystick,5127310.461024
341,Joystick,5127311.386016
341,Joystick,5127312.624032
341,Go,5127317.203008
341,Response,5127317.326016
341,Joystick,5127317.370016
341,Hit,5127317.370016
342,ITI,5127317.370016
342,Joystick,5127318.692032
342,Joystick,5127319.103008
342,Joystick,5127326.200032
342,Joystick,5127327.424032
342,Joystick,5127327.664032
342,Joystick,5127327.772032
342,Joystick,5127328.290016
342,Go,5127349.417024
342,Joystick,5127349.513024
343,ITI,5127355.421024
343,Joystick,5127361.658016
343,Go,5127364.481024
343,Joystick,5127364.594016
343,Joystick,5127368.994016
343,Joystick,5127369.398016
344,ITI,5127370.497024
344,Go,5127375.623008
344,Response,5127375.743008
344,Joystick,5127376.079008
344,Hit,5127376.079008
345,ITI,5127376.079008
345,Joystick,5127376.124032
345,Joystick,5127383.144032
345,Joystick,5127383.416032
345,Joystick,5127383.594016
345,Joystick,5127387.532032
345,Joystick,5127388.021024
345,Joystick,5127388.086016
345,Joystick,5127398.696032
345,Go,5127403.493024
345,Response,5127403.602016
345,Joystick,5127403.653024
345,Hit,5127403.653024
346,ITI,5127403.653024
346,NoGo,5127408.338016
346,Response,5127408.462016
346,CorrectRejection,5127410.461024
347,ITI,5127410.465024
347,Go,5127415.447008
347,Response,5127415.570016
347,Joystick,5127415.627008
347,Hit,5127415.627008
348,ITI,5127415.627008
348,NoGo,5127421.022016
348,Response,5127421.147008
348,CorrectRejection,5127423.149024
349,ITI,5127423.152032
349,Go,5127433.370016
349,Response,5127433.491008
349,Joystick,5127433.535008
349,Hit,5127433.535008
350,ITI,5127433.535008
350,Joystick,5127436.559008
350,Joystick,5127436.941024
350,Joystick,5127437.271008
350,Joystick,5127437.570016
350,Joystick,5127437.863008
350,Joystick,5127438.179008
350,Joystick,5127461.883008
350,Joystick,5127462.184032
350,Joystick,5127462.792032
350,Joystick,5127462.952032
350,Joystick,5127463.069024
350,Joystick,5127463.197024
350,Joystick,5127463.335008
350,Joystick,5127465.312032
350,Joystick,5127466.719008
350,Go,5127470.171008
350,Response,5127470.301024
350,Joystick,5127470.306016
350,Hit,5127470.306016
351,ITI,5127470.306016
351,Joystick,5127474.305024
351,Joystick,5127474.390016
351,Joystick,5127478.848032
351,Joystick,5127479.050016
351,Joystick,5127485.756032
351,Joystick,5127485.812032
351,NoGo,5127488.836032
351,Response,5127488.957024
351,Joystick,5127488.997024
351,Joystick,5127489.140032
351,CorrectRejection,5127490.957024
352,ITI,5127490.960032
352,Go,5127528.955008
352,Response,5127529.080032
352,Joystick,5127529.503008
352,Hit,5127529.503008
353,ITI,5127529.503008
353,Go,5127535.422016
353,Response,5127535.531008
353,Joystick,5127535.551008
353,Hit,5127535.551008
354,ITI,5127535.551008
354,Joystick,5127536.042016
354,Joystick,5127536.206016
354,Go,5127540.953024
354,Response,5127541.079008
354,Joystick,5127541.081024
354,Hit,5127541.081024
355,ITI,5127541.081024
355,Joystick,5127541.293024
355,Go,5127552.189024
355,Response,5127552.312032
355,Joystick,5127552.335008
355,Hit,5127552.335008
356,ITI,5127552.335008
356,Joystick,5127553.477024
356,Joystick,5127553.613024
356,Joystick,5127554.601024
356,Joystick,5127555.033024
356,NoGo,5127557.409024
356,Response,5127557.530016
356,Joystick,5127557.602016
356,CorrectRejection,5127559.531008
357,ITI,5127559.533024
357,Go,5127563.983008
357,Response,5127564.093024
357,Joystick,5127564.233024
357,Hit,5127564.233024
358,ITI,5127564.233024
358,Joystick,5127567.026016
358,Joystick,5127567.132032
358,Joystick,5127574.431008
358,Joystick,5127574.517024
358,Joystick,5127576.781024
358,Joystick,5127576.879008
358,Joystick,5127594.907008
358,Joystick,5127596.555008
358,Joystick,5127608.470016
358,Joystick,5127608.906016
358,NoGo,5127611.357024
358,Joystick,5127611.455008
358,Joystick,5127611.531008
359,ITI,5127617.469024
359,Joystick,5127618.417024
359,Go,5127624.905024
359,Response,5127625.026016
359,Joystick,5127625.172032
359,Hit,5127625.172032
360,ITI,5127625.172032
360,Joystick,5127625.542016
360,Joystick,5127626.744032
360,Joystick,5127627.201024
360,Joystick,5127627.280032
360,Go,5127655.463008
360,Response,5127655.587008
360,Joystick,5127655.882016
360,Hit,5127655.882016
361,ITI,5127655.882016
361,Joystick,5127655.923008
361,Joystick,5127659.062016
361,Go,5127662.298016
361,Response,5127662.416032
361,Joystick,5127662.635008
361,Hit,5127662.635008
362,ITI,5127662.635008
362,NoGo,5127673.299008
362,Response,5127673.416032
362,Joystick,5127673.645024
362,Joystick,5127673.710016
362,CorrectRejection,5127675.431008
363,ITI,5127675.434016
363,Go,5127680.659008
363,Joystick,5127680.691008
363,Joystick,5127681.199008
364,ITI,5127686.667008
364,Go,5127701.258016
364,Response,5127701.381024
364,Miss,5127703.382016
365,ITI,5127703.385024
365,Go,5127707.795008
365,Response,5127707.913024
365,Joystick,5127708.053024
365,Hit,5127708.053024
366,ITI,5127708.053024
366,Joystick,5127711.396032
366,Joystick,5127711.700032
366,Joystick,5127712.536032
366,Joystick,5127712.630016
366,Joystick,5127712.799008
366,Go,5127715.913024
366,Response,5127716.021024
366,Joystick,5127716.085024
366,Hit,5127716.085024
367,ITI,5127716.085024
367,Joystick,5127728.741024
